,p_rec,test_n,density,p_inf,p_test,Run,Fraction Dead,Fraction Infected,Fraction Quarantined,Fraction Recovered,hood,p_reinf,p_death
0,0.0,0.0,0.0,0.0,True,0,0.0,0.0,0.0,0.0,Moore,0.01,0.02
1,0.0,0.0,0.0,0.0,False,1,0.0,0.0,0.0,0.0,Moore,0.01,0.02
2,0.0,0.0,0.0,0.2,True,2,0.0,0.0,0.0,0.0,Moore,0.01,0.02
3,0.0,0.0,0.0,0.2,False,3,0.0,0.0,0.0,0.0,Moore,0.01,0.02
4,0.0,0.0,0.0,0.4,True,4,0.0,0.0,0.0,0.0,Moore,0.01,0.02
5,0.0,0.0,0.0,0.4,False,5,0.0,0.0,0.0,0.0,Moore,0.01,0.02
6,0.0,0.0,0.0,0.6,True,6,0.0,0.0,0.0,0.0,Moore,0.01,0.02
7,0.0,0.0,0.0,0.6,False,7,0.0,0.0,0.0,0.0,Moore,0.01,0.02
8,0.0,0.0,0.0,0.8,True,8,0.0,0.0,0.0,0.0,Moore,0.01,0.02
9,0.0,0.0,0.0,0.8,False,9,0.0,0.0,0.0,0.0,Moore,0.01,0.02
10,0.0,0.0,0.2,0.0,True,10,0.0,0.0,0.0,0.0,Moore,0.01,0.02
11,0.0,0.0,0.2,0.0,False,11,0.0,0.0,0.0,0.0,Moore,0.01,0.02
12,0.0,0.0,0.2,0.2,True,12,0.0,0.0,0.0,0.0,Moore,0.01,0.02
13,0.0,0.0,0.2,0.2,False,13,0.0,0.0,0.0,0.0,Moore,0.01,0.02
14,0.0,0.0,0.2,0.4,True,14,0.0,0.0,0.0,0.0,Moore,0.01,0.02
15,0.0,0.0,0.2,0.4,False,15,0.0,0.0,0.0,0.0,Moore,0.01,0.02
16,0.0,0.0,0.2,0.6,True,16,0.0,0.0,0.0,0.0,Moore,0.01,0.02
17,0.0,0.0,0.2,0.6,False,17,0.0,0.0,0.0,0.0,Moore,0.01,0.02
18,0.0,0.0,0.2,0.8,True,18,0.0,0.0,0.0,0.0,Moore,0.01,0.02
19,0.0,0.0,0.2,0.8,False,19,0.0,0.0,0.0,0.0,Moore,0.01,0.02
20,0.0,0.0,0.4,0.0,True,20,0.0,0.0,0.0,0.0,Moore,0.01,0.02
21,0.0,0.0,0.4,0.0,False,21,0.0,0.0,0.0,0.0,Moore,0.01,0.02
22,0.0,0.0,0.4,0.2,True,22,0.0,0.0,0.0,0.0,Moore,0.01,0.02
23,0.0,0.0,0.4,0.2,False,23,0.0,0.0,0.0,0.0,Moore,0.01,0.02
24,0.0,0.0,0.4,0.4,True,24,0.0,0.0,0.0,0.0,Moore,0.01,0.02
25,0.0,0.0,0.4,0.4,False,25,0.0,0.0,0.0,0.0,Moore,0.01,0.02
26,0.0,0.0,0.4,0.6,True,26,0.0,0.0,0.0,0.0,Moore,0.01,0.02
27,0.0,0.0,0.4,0.6,False,27,0.0,0.0,0.0,0.0,Moore,0.01,0.02
28,0.0,0.0,0.4,0.8,True,28,0.0,0.0,0.0,0.0,Moore,0.01,0.02
29,0.0,0.0,0.4,0.8,False,29,0.0,0.0,0.0,0.0,Moore,0.01,0.02
30,0.0,0.0,0.6,0.0,True,30,0.0,0.0,0.0,0.0,Moore,0.01,0.02
31,0.0,0.0,0.6,0.0,False,31,0.0,0.0,0.0,0.0,Moore,0.01,0.02
32,0.0,0.0,0.6,0.2,True,32,0.0,0.0,0.0,0.0,Moore,0.01,0.02
33,0.0,0.0,0.6,0.2,False,33,0.0,0.0,0.0,0.0,Moore,0.01,0.02
34,0.0,0.0,0.6,0.4,True,34,0.0,0.0,0.0,0.0,Moore,0.01,0.02
35,0.0,0.0,0.6,0.4,False,35,0.0,0.0,0.0,0.0,Moore,0.01,0.02
36,0.0,0.0,0.6,0.6,True,36,0.0,0.0,0.0,0.0,Moore,0.01,0.02
37,0.0,0.0,0.6,0.6,False,37,0.0,0.0,0.0,0.0,Moore,0.01,0.02
38,0.0,0.0,0.6,0.8,True,38,0.0,0.0,0.0,0.0,Moore,0.01,0.02
39,0.0,0.0,0.6,0.8,False,39,0.0,0.0,0.0,0.0,Moore,0.01,0.02
40,0.0,0.0,0.8,0.0,True,40,0.0,0.0,0.0,0.0,Moore,0.01,0.02
41,0.0,0.0,0.8,0.0,False,41,0.0,0.0,0.0,0.0,Moore,0.01,0.02
42,0.0,0.0,0.8,0.2,True,42,0.0,0.0,0.0,0.0,Moore,0.01,0.02
43,0.0,0.0,0.8,0.2,False,43,0.0,0.0,0.0,0.0,Moore,0.01,0.02
44,0.0,0.0,0.8,0.4,True,44,0.0,0.0,0.0,0.0,Moore,0.01,0.02
45,0.0,0.0,0.8,0.4,False,45,0.0,0.0,0.0,0.0,Moore,0.01,0.02
46,0.0,0.0,0.8,0.6,True,46,0.0,0.0,0.0,0.0,Moore,0.01,0.02
47,0.0,0.0,0.8,0.6,False,47,0.0,0.0,0.0,0.0,Moore,0.01,0.02
48,0.0,0.0,0.8,0.8,True,48,0.0,0.0,0.0,0.0,Moore,0.01,0.02
49,0.0,0.0,0.8,0.8,False,49,0.0,0.0,0.0,0.0,Moore,0.01,0.02
50,0.0,0.2,0.0,0.0,True,50,0.0,0.0,0.0,0.0,Moore,0.01,0.02
51,0.0,0.2,0.0,0.0,False,51,0.0,0.0,0.0,0.0,Moore,0.01,0.02
52,0.0,0.2,0.0,0.2,True,52,0.0,0.0,0.0,0.0,Moore,0.01,0.02
53,0.0,0.2,0.0,0.2,False,53,0.0,0.0,0.0,0.0,Moore,0.01,0.02
54,0.0,0.2,0.0,0.4,True,54,0.0,0.0,0.0,0.0,Moore,0.01,0.02
55,0.0,0.2,0.0,0.4,False,55,0.0,0.0,0.0,0.0,Moore,0.01,0.02
56,0.0,0.2,0.0,0.6,True,56,0.0,0.0,0.0,0.0,Moore,0.01,0.02
57,0.0,0.2,0.0,0.6,False,57,0.0,0.0,0.0,0.0,Moore,0.01,0.02
58,0.0,0.2,0.0,0.8,True,58,0.0,0.0,0.0,0.0,Moore,0.01,0.02
59,0.0,0.2,0.0,0.8,False,59,0.0,0.0,0.0,0.0,Moore,0.01,0.02
60,0.0,0.2,0.2,0.0,True,60,0.0,0.0,0.0,0.0,Moore,0.01,0.02
61,0.0,0.2,0.2,0.0,False,61,0.0,0.0,0.0,0.0,Moore,0.01,0.02
62,0.0,0.2,0.2,0.2,True,62,0.0,0.0,0.0,0.0,Moore,0.01,0.02
63,0.0,0.2,0.2,0.2,False,63,0.0,0.0,0.0,0.0,Moore,0.01,0.02
64,0.0,0.2,0.2,0.4,True,64,0.0,0.0,0.0,0.0,Moore,0.01,0.02
65,0.0,0.2,0.2,0.4,False,65,0.0,0.0,0.0,0.0,Moore,0.01,0.02
66,0.0,0.2,0.2,0.6,True,66,0.0,0.0,0.0,0.0,Moore,0.01,0.02
67,0.0,0.2,0.2,0.6,False,67,0.0,0.0,0.0,0.0,Moore,0.01,0.02
68,0.0,0.2,0.2,0.8,True,68,0.0,0.0,0.0,0.0,Moore,0.01,0.02
69,0.0,0.2,0.2,0.8,False,69,0.0,0.0,0.0,0.0,Moore,0.01,0.02
70,0.0,0.2,0.4,0.0,True,70,0.0,0.0,0.0,0.0,Moore,0.01,0.02
71,0.0,0.2,0.4,0.0,False,71,0.0,0.0,0.0,0.0,Moore,0.01,0.02
72,0.0,0.2,0.4,0.2,True,72,0.0,0.0,0.0,0.0,Moore,0.01,0.02
73,0.0,0.2,0.4,0.2,False,73,0.0,0.0,0.0,0.0,Moore,0.01,0.02
74,0.0,0.2,0.4,0.4,True,74,0.0,0.0,0.0,0.0,Moore,0.01,0.02
75,0.0,0.2,0.4,0.4,False,75,0.0,0.0,0.0,0.0,Moore,0.01,0.02
76,0.0,0.2,0.4,0.6,True,76,0.0,0.0,0.0,0.0,Moore,0.01,0.02
77,0.0,0.2,0.4,0.6,False,77,0.0,0.0,0.0,0.0,Moore,0.01,0.02
78,0.0,0.2,0.4,0.8,True,78,0.0,0.0,0.0,0.0,Moore,0.01,0.02
79,0.0,0.2,0.4,0.8,False,79,0.0,0.0,0.0,0.0,Moore,0.01,0.02
80,0.0,0.2,0.6,0.0,True,80,0.0,0.0,0.0,0.0,Moore,0.01,0.02
81,0.0,0.2,0.6,0.0,False,81,0.0,0.0,0.0,0.0,Moore,0.01,0.02
82,0.0,0.2,0.6,0.2,True,82,0.0,0.0,0.0,0.0,Moore,0.01,0.02
83,0.0,0.2,0.6,0.2,False,83,0.0,0.0,0.0,0.0,Moore,0.01,0.02
84,0.0,0.2,0.6,0.4,True,84,0.0,0.0,0.0,0.0,Moore,0.01,0.02
85,0.0,0.2,0.6,0.4,False,85,0.0,0.0,0.0,0.0,Moore,0.01,0.02
86,0.0,0.2,0.6,0.6,True,86,0.0,0.0,0.0,0.0,Moore,0.01,0.02
87,0.0,0.2,0.6,0.6,False,87,0.0,0.0,0.0,0.0,Moore,0.01,0.02
88,0.0,0.2,0.6,0.8,True,88,0.0,0.0,0.0,0.0,Moore,0.01,0.02
89,0.0,0.2,0.6,0.8,False,89,0.0,0.0,0.0,0.0,Moore,0.01,0.02
90,0.0,0.2,0.8,0.0,True,90,0.0,0.0,0.0,0.0,Moore,0.01,0.02
91,0.0,0.2,0.8,0.0,False,91,0.0,0.0,0.0,0.0,Moore,0.01,0.02
92,0.0,0.2,0.8,0.2,True,92,0.0,0.0,0.0,0.0,Moore,0.01,0.02
93,0.0,0.2,0.8,0.2,False,93,0.0,0.0,0.0,0.0,Moore,0.01,0.02
94,0.0,0.2,0.8,0.4,True,94,0.0,0.0,0.0,0.0,Moore,0.01,0.02
95,0.0,0.2,0.8,0.4,False,95,0.0,0.0,0.0,0.0,Moore,0.01,0.02
96,0.0,0.2,0.8,0.6,True,96,0.0,0.0,0.0,0.0,Moore,0.01,0.02
97,0.0,0.2,0.8,0.6,False,97,0.0,0.0,0.0,0.0,Moore,0.01,0.02
98,0.0,0.2,0.8,0.8,True,98,0.0,0.0,0.0,0.0,Moore,0.01,0.02
99,0.0,0.2,0.8,0.8,False,99,0.0,0.0,0.0,0.0,Moore,0.01,0.02
100,0.0,0.4,0.0,0.0,True,100,0.0,0.0,0.0,0.0,Moore,0.01,0.02
101,0.0,0.4,0.0,0.0,False,101,0.0,0.0,0.0,0.0,Moore,0.01,0.02
102,0.0,0.4,0.0,0.2,True,102,0.0,0.0,0.0,0.0,Moore,0.01,0.02
103,0.0,0.4,0.0,0.2,False,103,0.0,0.0,0.0,0.0,Moore,0.01,0.02
104,0.0,0.4,0.0,0.4,True,104,0.0,0.0,0.0,0.0,Moore,0.01,0.02
105,0.0,0.4,0.0,0.4,False,105,0.0,0.0,0.0,0.0,Moore,0.01,0.02
106,0.0,0.4,0.0,0.6,True,106,0.0,0.0,0.0,0.0,Moore,0.01,0.02
107,0.0,0.4,0.0,0.6,False,107,0.0,0.0,0.0,0.0,Moore,0.01,0.02
108,0.0,0.4,0.0,0.8,True,108,0.0,0.0,0.0,0.0,Moore,0.01,0.02
109,0.0,0.4,0.0,0.8,False,109,0.0,0.0,0.0,0.0,Moore,0.01,0.02
110,0.0,0.4,0.2,0.0,True,110,0.0,0.0,0.0,0.0,Moore,0.01,0.02
111,0.0,0.4,0.2,0.0,False,111,0.0,0.0,0.0,0.0,Moore,0.01,0.02
112,0.0,0.4,0.2,0.2,True,112,0.0,0.0,0.0,0.0,Moore,0.01,0.02
113,0.0,0.4,0.2,0.2,False,113,0.0,0.0,0.0,0.0,Moore,0.01,0.02
114,0.0,0.4,0.2,0.4,True,114,0.0,0.0,0.0,0.0,Moore,0.01,0.02
115,0.0,0.4,0.2,0.4,False,115,0.0,0.0,0.0,0.0,Moore,0.01,0.02
116,0.0,0.4,0.2,0.6,True,116,0.0,0.0,0.0,0.0,Moore,0.01,0.02
117,0.0,0.4,0.2,0.6,False,117,0.0,0.0,0.0,0.0,Moore,0.01,0.02
118,0.0,0.4,0.2,0.8,True,118,0.0,0.0,0.0,0.0,Moore,0.01,0.02
119,0.0,0.4,0.2,0.8,False,119,0.0,0.0,0.0,0.0,Moore,0.01,0.02
120,0.0,0.4,0.4,0.0,True,120,0.0,0.0,0.0,0.0,Moore,0.01,0.02
121,0.0,0.4,0.4,0.0,False,121,0.0,0.0,0.0,0.0,Moore,0.01,0.02
122,0.0,0.4,0.4,0.2,True,122,0.0,0.0,0.0,0.0,Moore,0.01,0.02
123,0.0,0.4,0.4,0.2,False,123,0.0,0.0,0.0,0.0,Moore,0.01,0.02
124,0.0,0.4,0.4,0.4,True,124,0.0,0.0,0.0,0.0,Moore,0.01,0.02
125,0.0,0.4,0.4,0.4,False,125,0.0,0.0,0.0,0.0,Moore,0.01,0.02
126,0.0,0.4,0.4,0.6,True,126,0.0,0.0,0.0,0.0,Moore,0.01,0.02
127,0.0,0.4,0.4,0.6,False,127,0.0,0.0,0.0,0.0,Moore,0.01,0.02
128,0.0,0.4,0.4,0.8,True,128,0.0,0.0,0.0,0.0,Moore,0.01,0.02
129,0.0,0.4,0.4,0.8,False,129,0.0,0.0,0.0,0.0,Moore,0.01,0.02
130,0.0,0.4,0.6,0.0,True,130,0.0,0.0,0.0,0.0,Moore,0.01,0.02
131,0.0,0.4,0.6,0.0,False,131,0.0,0.0,0.0,0.0,Moore,0.01,0.02
132,0.0,0.4,0.6,0.2,True,132,0.0,0.0,0.0,0.0,Moore,0.01,0.02
133,0.0,0.4,0.6,0.2,False,133,0.0,0.0,0.0,0.0,Moore,0.01,0.02
134,0.0,0.4,0.6,0.4,True,134,0.0,0.0,0.0,0.0,Moore,0.01,0.02
135,0.0,0.4,0.6,0.4,False,135,0.0,0.0,0.0,0.0,Moore,0.01,0.02
136,0.0,0.4,0.6,0.6,True,136,0.0,0.0,0.0,0.0,Moore,0.01,0.02
137,0.0,0.4,0.6,0.6,False,137,0.0,0.0,0.0,0.0,Moore,0.01,0.02
138,0.0,0.4,0.6,0.8,True,138,0.0,0.0,0.0,0.0,Moore,0.01,0.02
139,0.0,0.4,0.6,0.8,False,139,0.0,0.0,0.0,0.0,Moore,0.01,0.02
140,0.0,0.4,0.8,0.0,True,140,0.0,0.0,0.0,0.0,Moore,0.01,0.02
141,0.0,0.4,0.8,0.0,False,141,0.0,0.0,0.0,0.0,Moore,0.01,0.02
142,0.0,0.4,0.8,0.2,True,142,0.0,0.0,0.0,0.0,Moore,0.01,0.02
143,0.0,0.4,0.8,0.2,False,143,0.0,0.0,0.0,0.0,Moore,0.01,0.02
144,0.0,0.4,0.8,0.4,True,144,0.0,0.0,0.0,0.0,Moore,0.01,0.02
145,0.0,0.4,0.8,0.4,False,145,0.0,0.0,0.0,0.0,Moore,0.01,0.02
146,0.0,0.4,0.8,0.6,True,146,0.0,0.0,0.0,0.0,Moore,0.01,0.02
147,0.0,0.4,0.8,0.6,False,147,0.0,0.0,0.0,0.0,Moore,0.01,0.02
148,0.0,0.4,0.8,0.8,True,148,0.0,0.0,0.0,0.0,Moore,0.01,0.02
149,0.0,0.4,0.8,0.8,False,149,0.0,0.0,0.0,0.0,Moore,0.01,0.02
150,0.0,0.6,0.0,0.0,True,150,0.0,0.0,0.0,0.0,Moore,0.01,0.02
151,0.0,0.6,0.0,0.0,False,151,0.0,0.0,0.0,0.0,Moore,0.01,0.02
152,0.0,0.6,0.0,0.2,True,152,0.0,0.0,0.0,0.0,Moore,0.01,0.02
153,0.0,0.6,0.0,0.2,False,153,0.0,0.0,0.0,0.0,Moore,0.01,0.02
154,0.0,0.6,0.0,0.4,True,154,0.0,0.0,0.0,0.0,Moore,0.01,0.02
155,0.0,0.6,0.0,0.4,False,155,0.0,0.0,0.0,0.0,Moore,0.01,0.02
156,0.0,0.6,0.0,0.6,True,156,0.0,0.0,0.0,0.0,Moore,0.01,0.02
157,0.0,0.6,0.0,0.6,False,157,0.0,0.0,0.0,0.0,Moore,0.01,0.02
158,0.0,0.6,0.0,0.8,True,158,0.0,0.0,0.0,0.0,Moore,0.01,0.02
159,0.0,0.6,0.0,0.8,False,159,0.0,0.0,0.0,0.0,Moore,0.01,0.02
160,0.0,0.6,0.2,0.0,True,160,0.0,0.0,0.0,0.0,Moore,0.01,0.02
161,0.0,0.6,0.2,0.0,False,161,0.0,0.0,0.0,0.0,Moore,0.01,0.02
162,0.0,0.6,0.2,0.2,True,162,0.0,0.0,0.0,0.0,Moore,0.01,0.02
163,0.0,0.6,0.2,0.2,False,163,0.0,0.0,0.0,0.0,Moore,0.01,0.02
164,0.0,0.6,0.2,0.4,True,164,0.0,0.0,0.0,0.0,Moore,0.01,0.02
165,0.0,0.6,0.2,0.4,False,165,0.0,0.0,0.0,0.0,Moore,0.01,0.02
166,0.0,0.6,0.2,0.6,True,166,0.0,0.0,0.0,0.0,Moore,0.01,0.02
167,0.0,0.6,0.2,0.6,False,167,0.0,0.0,0.0,0.0,Moore,0.01,0.02
168,0.0,0.6,0.2,0.8,True,168,0.0,0.0,0.0,0.0,Moore,0.01,0.02
169,0.0,0.6,0.2,0.8,False,169,0.0,0.0,0.0,0.0,Moore,0.01,0.02
170,0.0,0.6,0.4,0.0,True,170,0.0,0.0,0.0,0.0,Moore,0.01,0.02
171,0.0,0.6,0.4,0.0,False,171,0.0,0.0,0.0,0.0,Moore,0.01,0.02
172,0.0,0.6,0.4,0.2,True,172,0.0,0.0,0.0,0.0,Moore,0.01,0.02
173,0.0,0.6,0.4,0.2,False,173,0.0,0.0,0.0,0.0,Moore,0.01,0.02
174,0.0,0.6,0.4,0.4,True,174,0.0,0.0,0.0,0.0,Moore,0.01,0.02
175,0.0,0.6,0.4,0.4,False,175,0.0,0.0,0.0,0.0,Moore,0.01,0.02
176,0.0,0.6,0.4,0.6,True,176,0.0,0.0,0.0,0.0,Moore,0.01,0.02
177,0.0,0.6,0.4,0.6,False,177,0.0,0.0,0.0,0.0,Moore,0.01,0.02
178,0.0,0.6,0.4,0.8,True,178,0.0,0.0,0.0,0.0,Moore,0.01,0.02
179,0.0,0.6,0.4,0.8,False,179,0.0,0.0,0.0,0.0,Moore,0.01,0.02
180,0.0,0.6,0.6,0.0,True,180,0.0,0.0,0.0,0.0,Moore,0.01,0.02
181,0.0,0.6,0.6,0.0,False,181,0.0,0.0,0.0,0.0,Moore,0.01,0.02
182,0.0,0.6,0.6,0.2,True,182,0.0,0.0,0.0,0.0,Moore,0.01,0.02
183,0.0,0.6,0.6,0.2,False,183,0.0,0.0,0.0,0.0,Moore,0.01,0.02
184,0.0,0.6,0.6,0.4,True,184,0.0,0.0,0.0,0.0,Moore,0.01,0.02
185,0.0,0.6,0.6,0.4,False,185,0.0,0.0,0.0,0.0,Moore,0.01,0.02
186,0.0,0.6,0.6,0.6,True,186,0.0,0.0,0.0,0.0,Moore,0.01,0.02
187,0.0,0.6,0.6,0.6,False,187,0.0,0.0,0.0,0.0,Moore,0.01,0.02
188,0.0,0.6,0.6,0.8,True,188,0.0,0.0,0.0,0.0,Moore,0.01,0.02
189,0.0,0.6,0.6,0.8,False,189,0.0,0.0,0.0,0.0,Moore,0.01,0.02
190,0.0,0.6,0.8,0.0,True,190,0.0,0.0,0.0,0.0,Moore,0.01,0.02
191,0.0,0.6,0.8,0.0,False,191,0.0,0.0,0.0,0.0,Moore,0.01,0.02
192,0.0,0.6,0.8,0.2,True,192,0.0,0.0,0.0,0.0,Moore,0.01,0.02
193,0.0,0.6,0.8,0.2,False,193,0.0,0.0,0.0,0.0,Moore,0.01,0.02
194,0.0,0.6,0.8,0.4,True,194,0.0,0.0,0.0,0.0,Moore,0.01,0.02
195,0.0,0.6,0.8,0.4,False,195,0.0,0.0,0.0,0.0,Moore,0.01,0.02
196,0.0,0.6,0.8,0.6,True,196,0.0,0.0,0.0,0.0,Moore,0.01,0.02
197,0.0,0.6,0.8,0.6,False,197,0.0,0.0,0.0,0.0,Moore,0.01,0.02
198,0.0,0.6,0.8,0.8,True,198,0.0,0.0,0.0,0.0,Moore,0.01,0.02
199,0.0,0.6,0.8,0.8,False,199,0.0,0.0,0.0,0.0,Moore,0.01,0.02
200,0.0,0.8,0.0,0.0,True,200,0.0,0.0,0.0,0.0,Moore,0.01,0.02
201,0.0,0.8,0.0,0.0,False,201,0.0,0.0,0.0,0.0,Moore,0.01,0.02
202,0.0,0.8,0.0,0.2,True,202,0.0,0.0,0.0,0.0,Moore,0.01,0.02
203,0.0,0.8,0.0,0.2,False,203,0.0,0.0,0.0,0.0,Moore,0.01,0.02
204,0.0,0.8,0.0,0.4,True,204,0.0,0.0,0.0,0.0,Moore,0.01,0.02
205,0.0,0.8,0.0,0.4,False,205,0.0,0.0,0.0,0.0,Moore,0.01,0.02
206,0.0,0.8,0.0,0.6,True,206,0.0,0.0,0.0,0.0,Moore,0.01,0.02
207,0.0,0.8,0.0,0.6,False,207,0.0,0.0,0.0,0.0,Moore,0.01,0.02
208,0.0,0.8,0.0,0.8,True,208,0.0,0.0,0.0,0.0,Moore,0.01,0.02
209,0.0,0.8,0.0,0.8,False,209,0.0,0.0,0.0,0.0,Moore,0.01,0.02
210,0.0,0.8,0.2,0.0,True,210,0.0,0.0,0.0,0.0,Moore,0.01,0.02
211,0.0,0.8,0.2,0.0,False,211,0.0,0.0,0.0,0.0,Moore,0.01,0.02
212,0.0,0.8,0.2,0.2,True,212,0.0,0.0,0.0,0.0,Moore,0.01,0.02
213,0.0,0.8,0.2,0.2,False,213,0.0,0.0,0.0,0.0,Moore,0.01,0.02
214,0.0,0.8,0.2,0.4,True,214,0.0,0.0,0.0,0.0,Moore,0.01,0.02
215,0.0,0.8,0.2,0.4,False,215,0.0,0.0,0.0,0.0,Moore,0.01,0.02
216,0.0,0.8,0.2,0.6,True,216,0.0,0.0,0.0,0.0,Moore,0.01,0.02
217,0.0,0.8,0.2,0.6,False,217,0.0,0.0,0.0,0.0,Moore,0.01,0.02
218,0.0,0.8,0.2,0.8,True,218,0.0,0.0,0.0,0.0,Moore,0.01,0.02
219,0.0,0.8,0.2,0.8,False,219,0.0,0.0,0.0,0.0,Moore,0.01,0.02
220,0.0,0.8,0.4,0.0,True,220,0.0,0.0,0.0,0.0,Moore,0.01,0.02
221,0.0,0.8,0.4,0.0,False,221,0.0,0.0,0.0,0.0,Moore,0.01,0.02
222,0.0,0.8,0.4,0.2,True,222,0.0,0.0,0.0,0.0,Moore,0.01,0.02
223,0.0,0.8,0.4,0.2,False,223,0.0,0.0,0.0,0.0,Moore,0.01,0.02
224,0.0,0.8,0.4,0.4,True,224,0.0,0.0,0.0,0.0,Moore,0.01,0.02
225,0.0,0.8,0.4,0.4,False,225,0.0,0.0,0.0,0.0,Moore,0.01,0.02
226,0.0,0.8,0.4,0.6,True,226,0.0,0.0,0.0,0.0,Moore,0.01,0.02
227,0.0,0.8,0.4,0.6,False,227,0.0,0.0,0.0,0.0,Moore,0.01,0.02
228,0.0,0.8,0.4,0.8,True,228,0.0,0.0,0.0,0.0,Moore,0.01,0.02
229,0.0,0.8,0.4,0.8,False,229,0.0,0.0,0.0,0.0,Moore,0.01,0.02
230,0.0,0.8,0.6,0.0,True,230,0.0,0.0,0.0,0.0,Moore,0.01,0.02
231,0.0,0.8,0.6,0.0,False,231,0.0,0.0,0.0,0.0,Moore,0.01,0.02
232,0.0,0.8,0.6,0.2,True,232,0.0,0.0,0.0,0.0,Moore,0.01,0.02
233,0.0,0.8,0.6,0.2,False,233,0.0,0.0,0.0,0.0,Moore,0.01,0.02
234,0.0,0.8,0.6,0.4,True,234,0.0,0.0,0.0,0.0,Moore,0.01,0.02
235,0.0,0.8,0.6,0.4,False,235,0.0,0.0,0.0,0.0,Moore,0.01,0.02
236,0.0,0.8,0.6,0.6,True,236,0.0,0.0,0.0,0.0,Moore,0.01,0.02
237,0.0,0.8,0.6,0.6,False,237,0.0,0.0,0.0,0.0,Moore,0.01,0.02
238,0.0,0.8,0.6,0.8,True,238,0.0,0.0,0.0,0.0,Moore,0.01,0.02
239,0.0,0.8,0.6,0.8,False,239,0.0,0.0,0.0,0.0,Moore,0.01,0.02
240,0.0,0.8,0.8,0.0,True,240,0.0,0.0,0.0,0.0,Moore,0.01,0.02
241,0.0,0.8,0.8,0.0,False,241,0.0,0.0,0.0,0.0,Moore,0.01,0.02
242,0.0,0.8,0.8,0.2,True,242,0.0,0.0,0.0,0.0,Moore,0.01,0.02
243,0.0,0.8,0.8,0.2,False,243,0.0,0.0,0.0,0.0,Moore,0.01,0.02
244,0.0,0.8,0.8,0.4,True,244,0.0,0.0,0.0,0.0,Moore,0.01,0.02
245,0.0,0.8,0.8,0.4,False,245,0.0,0.0,0.0,0.0,Moore,0.01,0.02
246,0.0,0.8,0.8,0.6,True,246,0.0,0.0,0.0,0.0,Moore,0.01,0.02
247,0.0,0.8,0.8,0.6,False,247,0.0,0.0,0.0,0.0,Moore,0.01,0.02
248,0.0,0.8,0.8,0.8,True,248,0.0,0.0,0.0,0.0,Moore,0.01,0.02
249,0.0,0.8,0.8,0.8,False,249,0.0,0.0,0.0,0.0,Moore,0.01,0.02
250,0.2,0.0,0.0,0.0,True,250,0.1268,0.0719,0.0,0.1268,Moore,0.01,0.02
251,0.2,0.0,0.0,0.0,False,251,0.1324,0.0719,0.0,0.1324,Moore,0.01,0.02
252,0.2,0.0,0.0,0.2,True,252,0.1231,0.0792,0.0792,0.1231,Moore,0.01,0.02
253,0.2,0.0,0.0,0.2,False,253,0.1253,0.0751,0.0751,0.1253,Moore,0.01,0.02
254,0.2,0.0,0.0,0.4,True,254,0.1247,0.0799,0.0799,0.1247,Moore,0.01,0.02
255,0.2,0.0,0.0,0.4,False,255,0.1237,0.0766,0.0766,0.1237,Moore,0.01,0.02
256,0.2,0.0,0.0,0.6,True,256,0.1242,0.076,0.076,0.1242,Moore,0.01,0.02
257,0.2,0.0,0.0,0.6,False,257,0.1309,0.0746,0.0746,0.1309,Moore,0.01,0.02
258,0.2,0.0,0.0,0.8,True,258,0.1209,0.0729,0.0729,0.1209,Moore,0.01,0.02
259,0.2,0.0,0.0,0.8,False,259,0.1172,0.0779,0.0779,0.1172,Moore,0.01,0.02
260,0.2,0.0,0.2,0.0,True,260,0.0158,0.0001,0.0,0.1907,Moore,0.01,0.02
261,0.2,0.0,0.2,0.0,False,261,0.0156,0.0,0.0,0.1977,Moore,0.01,0.02
262,0.2,0.0,0.2,0.2,True,262,0.0161,0.0,0.0,0.2017,Moore,0.01,0.02
263,0.2,0.0,0.2,0.2,False,263,0.0143,0.0,0.0,0.2027,Moore,0.01,0.02
264,0.2,0.0,0.2,0.4,True,264,0.0146,0.0,0.0,0.2019,Moore,0.01,0.02
265,0.2,0.0,0.2,0.4,False,265,0.0155,0.0,0.0,0.1963,Moore,0.01,0.02
266,0.2,0.0,0.2,0.6,True,266,0.0156,0.0,0.0,0.1997,Moore,0.01,0.02
267,0.2,0.0,0.2,0.6,False,267,0.0161,0.0,0.0,0.2054,Moore,0.01,0.02
268,0.2,0.0,0.2,0.8,True,268,0.0158,0.0,0.0,0.2011,Moore,0.01,0.02
269,0.2,0.0,0.2,0.8,False,269,0.0146,0.0,0.0,0.1994,Moore,0.01,0.02
270,0.2,0.0,0.4,0.0,True,270,0.0056,0.0,0.0,0.1973,Moore,0.01,0.02
271,0.2,0.0,0.4,0.0,False,271,0.0059,0.0,0.0,0.2043,Moore,0.01,0.02
272,0.2,0.0,0.4,0.2,True,272,0.0068,0.0,0.0,0.2048,Moore,0.01,0.02
273,0.2,0.0,0.4,0.2,False,273,0.0059,0.0,0.0,0.2,Moore,0.01,0.02
274,0.2,0.0,0.4,0.4,True,274,0.0065,0.0,0.0,0.1993,Moore,0.01,0.02
275,0.2,0.0,0.4,0.4,False,275,0.0048,0.0,0.0,0.1955,Moore,0.01,0.02
276,0.2,0.0,0.4,0.6,True,276,0.0058,0.0,0.0,0.1999,Moore,0.01,0.02
277,0.2,0.0,0.4,0.6,False,277,0.0065,0.0,0.0,0.2045,Moore,0.01,0.02
278,0.2,0.0,0.4,0.8,True,278,0.0051,0.0,0.0,0.1971,Moore,0.01,0.02
279,0.2,0.0,0.4,0.8,False,279,0.0048,0.0,0.0,0.203,Moore,0.01,0.02
280,0.2,0.0,0.6,0.0,True,280,0.003,0.0,0.0,0.1981,Moore,0.01,0.02
281,0.2,0.0,0.6,0.0,False,281,0.0022,0.0,0.0,0.2019,Moore,0.01,0.02
282,0.2,0.0,0.6,0.2,True,282,0.0024,0.0,0.0,0.1994,Moore,0.01,0.02
283,0.2,0.0,0.6,0.2,False,283,0.0017,0.0,0.0,0.2004,Moore,0.01,0.02
284,0.2,0.0,0.6,0.4,True,284,0.0026,0.0,0.0,0.1998,Moore,0.01,0.02
285,0.2,0.0,0.6,0.4,False,285,0.0036,0.0,0.0,0.2043,Moore,0.01,0.02
286,0.2,0.0,0.6,0.6,True,286,0.0026,0.0,0.0,0.2032,Moore,0.01,0.02
287,0.2,0.0,0.6,0.6,False,287,0.0027,0.0,0.0,0.2028,Moore,0.01,0.02
288,0.2,0.0,0.6,0.8,True,288,0.0024,0.0,0.0,0.2044,Moore,0.01,0.02
289,0.2,0.0,0.6,0.8,False,289,0.0027,0.0,0.0,0.1906,Moore,0.01,0.02
290,0.2,0.0,0.8,0.0,True,290,0.0009,0.0,0.0,0.1992,Moore,0.01,0.02
291,0.2,0.0,0.8,0.0,False,291,0.0003,0.0,0.0,0.2026,Moore,0.01,0.02
292,0.2,0.0,0.8,0.2,True,292,0.0009,0.0,0.0,0.2057,Moore,0.01,0.02
293,0.2,0.0,0.8,0.2,False,293,0.0011,0.0,0.0,0.2006,Moore,0.01,0.02
294,0.2,0.0,0.8,0.4,True,294,0.002,0.0,0.0,0.202,Moore,0.01,0.02
295,0.2,0.0,0.8,0.4,False,295,0.0005,0.0,0.0,0.2019,Moore,0.01,0.02
296,0.2,0.0,0.8,0.6,True,296,0.0003,0.0,0.0,0.1977,Moore,0.01,0.02
297,0.2,0.0,0.8,0.6,False,297,0.0012,0.0,0.0,0.2039,Moore,0.01,0.02
298,0.2,0.0,0.8,0.8,True,298,0.0008,0.0,0.0,0.2048,Moore,0.01,0.02
299,0.2,0.0,0.8,0.8,False,299,0.0013,0.0,0.0,0.2076,Moore,0.01,0.02
300,0.2,0.2,0.0,0.0,True,300,0.6249,0.3751,0.0,0.6249,Moore,0.01,0.02
301,0.2,0.2,0.0,0.0,False,301,0.6246,0.3754,0.0,0.6246,Moore,0.01,0.02
302,0.2,0.2,0.0,0.2,True,302,0.6039,0.3888,0.3888,0.6039,Moore,0.01,0.02
303,0.2,0.2,0.0,0.2,False,303,0.6121,0.3876,0.3876,0.6121,Moore,0.01,0.02
304,0.2,0.2,0.0,0.4,True,304,0.5888,0.3786,0.3786,0.5888,Moore,0.01,0.02
305,0.2,0.2,0.0,0.4,False,305,0.6076,0.3855,0.3855,0.6076,Moore,0.01,0.02
306,0.2,0.2,0.0,0.6,True,306,0.5606,0.3648,0.3648,0.5606,Moore,0.01,0.02
307,0.2,0.2,0.0,0.6,False,307,0.596,0.3741,0.3741,0.596,Moore,0.01,0.02
308,0.2,0.2,0.0,0.8,True,308,0.5409,0.3312,0.3312,0.5409,Moore,0.01,0.02
309,0.2,0.2,0.0,0.8,False,309,0.5636,0.3496,0.3496,0.5636,Moore,0.01,0.02
310,0.2,0.2,0.2,0.0,True,310,0.0881,0.0004,0.0,0.9996,Moore,0.01,0.02
311,0.2,0.2,0.2,0.0,False,311,0.0907,0.0004,0.0,0.9993,Moore,0.01,0.02
312,0.2,0.2,0.2,0.2,True,312,0.0735,0.0,0.0,0.9835,Moore,0.01,0.02
313,0.2,0.2,0.2,0.2,False,313,0.074,0.0,0.0,0.9959,Moore,0.01,0.02
314,0.2,0.2,0.2,0.4,True,314,0.0698,0.0,0.0,0.9532,Moore,0.01,0.02
315,0.2,0.2,0.2,0.4,False,315,0.0779,0.0,0.0,0.9835,Moore,0.01,0.02
316,0.2,0.2,0.2,0.6,True,316,0.0655,0.0,0.0,0.9147,Moore,0.01,0.02
317,0.2,0.2,0.2,0.6,False,317,0.0666,0.0,0.0,0.9469,Moore,0.01,0.02
318,0.2,0.2,0.2,0.8,True,318,0.0601,0.0,0.0,0.8623,Moore,0.01,0.02
319,0.2,0.2,0.2,0.8,False,319,0.0705,0.0,0.0,0.8916,Moore,0.01,0.02
320,0.2,0.2,0.4,0.0,True,320,0.0274,0.0,0.0,0.9958,Moore,0.01,0.02
321,0.2,0.2,0.4,0.0,False,321,0.0292,0.0,0.0,0.9959,Moore,0.01,0.02
322,0.2,0.2,0.4,0.2,True,322,0.0299,0.0,0.0,0.9683,Moore,0.01,0.02
323,0.2,0.2,0.4,0.2,False,323,0.028,0.0,0.0,0.9842,Moore,0.01,0.02
324,0.2,0.2,0.4,0.4,True,324,0.0294,0.0,0.0,0.9338,Moore,0.01,0.02
325,0.2,0.2,0.4,0.4,False,325,0.0258,0.0,0.0,0.9518,Moore,0.01,0.02
326,0.2,0.2,0.4,0.6,True,326,0.0232,0.0,0.0,0.8901,Moore,0.01,0.02
327,0.2,0.2,0.4,0.6,False,327,0.0279,0.0,0.0,0.926,Moore,0.01,0.02
328,0.2,0.2,0.4,0.8,True,328,0.0258,0.0,0.0,0.8534,Moore,0.01,0.02
329,0.2,0.2,0.4,0.8,False,329,0.0268,0.0,0.0,0.8797,Moore,0.01,0.02
330,0.2,0.2,0.6,0.0,True,330,0.0109,0.0,0.0,0.9708,Moore,0.01,0.02
331,0.2,0.2,0.6,0.0,False,331,0.0132,0.0,0.0,0.9693,Moore,0.01,0.02
332,0.2,0.2,0.6,0.2,True,332,0.0117,0.0,0.0,0.9342,Moore,0.01,0.02
333,0.2,0.2,0.6,0.2,False,333,0.0125,0.0,0.0,0.9528,Moore,0.01,0.02
334,0.2,0.2,0.6,0.4,True,334,0.0126,0.0,0.0,0.9089,Moore,0.01,0.02
335,0.2,0.2,0.6,0.4,False,335,0.0117,0.0,0.0,0.9306,Moore,0.01,0.02
336,0.2,0.2,0.6,0.6,True,336,0.012,0.0,0.0,0.888,Moore,0.01,0.02
337,0.2,0.2,0.6,0.6,False,337,0.0126,0.0,0.0,0.9132,Moore,0.01,0.02
338,0.2,0.2,0.6,0.8,True,338,0.0105,0.0,0.0,0.8521,Moore,0.01,0.02
339,0.2,0.2,0.6,0.8,False,339,0.0114,0.0,0.0,0.8711,Moore,0.01,0.02
340,0.2,0.2,0.8,0.0,True,340,0.0052,0.0,0.0,0.9244,Moore,0.01,0.02
341,0.2,0.2,0.8,0.0,False,341,0.0049,0.0,0.0,0.9204,Moore,0.01,0.02
342,0.2,0.2,0.8,0.2,True,342,0.0057,0.0,0.0,0.8869,Moore,0.01,0.02
343,0.2,0.2,0.8,0.2,False,343,0.0066,0.0,0.0,0.9031,Moore,0.01,0.02
344,0.2,0.2,0.8,0.4,True,344,0.0047,0.0,0.0,0.8762,Moore,0.01,0.02
345,0.2,0.2,0.8,0.4,False,345,0.0038,0.0,0.0,0.8731,Moore,0.01,0.02
346,0.2,0.2,0.8,0.6,True,346,0.0046,0.0,0.0,0.8598,Moore,0.01,0.02
347,0.2,0.2,0.8,0.6,False,347,0.0036,0.0,0.0,0.8834,Moore,0.01,0.02
348,0.2,0.2,0.8,0.8,True,348,0.0051,0.0,0.0,0.855,Moore,0.01,0.02
349,0.2,0.2,0.8,0.8,False,349,0.0037,0.0,0.0,0.8242,Moore,0.01,0.02
350,0.2,0.4,0.0,0.0,True,350,0.627,0.373,0.0,0.627,Moore,0.01,0.02
351,0.2,0.4,0.0,0.0,False,351,0.6304,0.3696,0.0,0.6304,Moore,0.01,0.02
352,0.2,0.4,0.0,0.2,True,352,0.6138,0.3862,0.3862,0.6138,Moore,0.01,0.02
353,0.2,0.4,0.0,0.2,False,353,0.6201,0.3799,0.3799,0.6201,Moore,0.01,0.02
354,0.2,0.4,0.0,0.4,True,354,0.6098,0.3902,0.3902,0.6098,Moore,0.01,0.02
355,0.2,0.4,0.0,0.4,False,355,0.6216,0.3784,0.3784,0.6216,Moore,0.01,0.02
356,0.2,0.4,0.0,0.6,True,356,0.6213,0.3787,0.3787,0.6213,Moore,0.01,0.02
357,0.2,0.4,0.0,0.6,False,357,0.6203,0.3797,0.3797,0.6203,Moore,0.01,0.02
358,0.2,0.4,0.0,0.8,True,358,0.612,0.388,0.388,0.612,Moore,0.01,0.02
359,0.2,0.4,0.0,0.8,False,359,0.6111,0.3889,0.3889,0.6111,Moore,0.01,0.02
360,0.2,0.4,0.2,0.0,True,360,0.0898,0.0001,0.0,0.9999,Moore,0.01,0.02
361,0.2,0.4,0.2,0.0,False,361,0.0842,0.0003,0.0,0.9997,Moore,0.01,0.02
362,0.2,0.4,0.2,0.2,True,362,0.0758,0.0,0.0,1.0,Moore,0.01,0.02
363,0.2,0.4,0.2,0.2,False,363,0.0758,0.0,0.0,1.0,Moore,0.01,0.02
364,0.2,0.4,0.2,0.4,True,364,0.0733,0.0,0.0,1.0,Moore,0.01,0.02
365,0.2,0.4,0.2,0.4,False,365,0.0782,0.0,0.0,1.0,Moore,0.01,0.02
366,0.2,0.4,0.2,0.6,True,366,0.0741,0.0,0.0,1.0,Moore,0.01,0.02
367,0.2,0.4,0.2,0.6,False,367,0.0741,0.0,0.0,1.0,Moore,0.01,0.02
368,0.2,0.4,0.2,0.8,True,368,0.0765,0.0,0.0,1.0,Moore,0.01,0.02
369,0.2,0.4,0.2,0.8,False,369,0.0722,0.0,0.0,1.0,Moore,0.01,0.02
370,0.2,0.4,0.4,0.0,True,370,0.0333,0.0,0.0,1.0,Moore,0.01,0.02
371,0.2,0.4,0.4,0.0,False,371,0.0315,0.0,0.0,1.0,Moore,0.01,0.02
372,0.2,0.4,0.4,0.2,True,372,0.0304,0.0,0.0,0.9999,Moore,0.01,0.02
373,0.2,0.4,0.4,0.2,False,373,0.0299,0.0,0.0,1.0,Moore,0.01,0.02
374,0.2,0.4,0.4,0.4,True,374,0.0285,0.0,0.0,1.0,Moore,0.01,0.02
375,0.2,0.4,0.4,0.4,False,375,0.0291,0.0,0.0,0.9998,Moore,0.01,0.02
376,0.2,0.4,0.4,0.6,True,376,0.0277,0.0,0.0,1.0,Moore,0.01,0.02
377,0.2,0.4,0.4,0.6,False,377,0.0284,0.0,0.0,1.0,Moore,0.01,0.02
378,0.2,0.4,0.4,0.8,True,378,0.0339,0.0,0.0,0.9999,Moore,0.01,0.02
379,0.2,0.4,0.4,0.8,False,379,0.0264,0.0,0.0,1.0,Moore,0.01,0.02
380,0.2,0.4,0.6,0.0,True,380,0.0131,0.0,0.0,1.0,Moore,0.01,0.02
381,0.2,0.4,0.6,0.0,False,381,0.0134,0.0,0.0,1.0,Moore,0.01,0.02
382,0.2,0.4,0.6,0.2,True,382,0.0131,0.0,0.0,1.0,Moore,0.01,0.02
383,0.2,0.4,0.6,0.2,False,383,0.0136,0.0,0.0,1.0,Moore,0.01,0.02
384,0.2,0.4,0.6,0.4,True,384,0.0124,0.0,0.0,1.0,Moore,0.01,0.02
385,0.2,0.4,0.6,0.4,False,385,0.0114,0.0,0.0,1.0,Moore,0.01,0.02
386,0.2,0.4,0.6,0.6,True,386,0.0125,0.0,0.0,1.0,Moore,0.01,0.02
387,0.2,0.4,0.6,0.6,False,387,0.012,0.0,0.0,1.0,Moore,0.01,0.02
388,0.2,0.4,0.6,0.8,True,388,0.0132,0.0,0.0,1.0,Moore,0.01,0.02
389,0.2,0.4,0.6,0.8,False,389,0.0113,0.0,0.0,1.0,Moore,0.01,0.02
390,0.2,0.4,0.8,0.0,True,390,0.0051,0.0,0.0,1.0,Moore,0.01,0.02
391,0.2,0.4,0.8,0.0,False,391,0.0072,0.0,0.0,1.0,Moore,0.01,0.02
392,0.2,0.4,0.8,0.2,True,392,0.0051,0.0,0.0,1.0,Moore,0.01,0.02
393,0.2,0.4,0.8,0.2,False,393,0.0048,0.0,0.0,0.9999,Moore,0.01,0.02
394,0.2,0.4,0.8,0.4,True,394,0.0063,0.0,0.0,1.0,Moore,0.01,0.02
395,0.2,0.4,0.8,0.4,False,395,0.0044,0.0,0.0,1.0,Moore,0.01,0.02
396,0.2,0.4,0.8,0.6,True,396,0.0049,0.0,0.0,0.9999,Moore,0.01,0.02
397,0.2,0.4,0.8,0.6,False,397,0.0052,0.0,0.0,1.0,Moore,0.01,0.02
398,0.2,0.4,0.8,0.8,True,398,0.0044,0.0,0.0,1.0,Moore,0.01,0.02
399,0.2,0.4,0.8,0.8,False,399,0.0046,0.0,0.0,0.9999,Moore,0.01,0.02
400,0.2,0.6,0.0,0.0,True,400,0.6257,0.3743,0.0,0.6257,Moore,0.01,0.02
401,0.2,0.6,0.0,0.0,False,401,0.6252,0.3748,0.0,0.6252,Moore,0.01,0.02
402,0.2,0.6,0.0,0.2,True,402,0.6142,0.3858,0.3858,0.6142,Moore,0.01,0.02
403,0.2,0.6,0.0,0.2,False,403,0.6227,0.3773,0.3773,0.6227,Moore,0.01,0.02
404,0.2,0.6,0.0,0.4,True,404,0.6115,0.3885,0.3885,0.6115,Moore,0.01,0.02
405,0.2,0.6,0.0,0.4,False,405,0.6146,0.3854,0.3854,0.6146,Moore,0.01,0.02
406,0.2,0.6,0.0,0.6,True,406,0.6269,0.3731,0.3731,0.6269,Moore,0.01,0.02
407,0.2,0.6,0.0,0.6,False,407,0.6227,0.3773,0.3773,0.6227,Moore,0.01,0.02
408,0.2,0.6,0.0,0.8,True,408,0.6115,0.3885,0.3885,0.6115,Moore,0.01,0.02
409,0.2,0.6,0.0,0.8,False,409,0.6074,0.3926,0.3926,0.6074,Moore,0.01,0.02
410,0.2,0.6,0.2,0.0,True,410,0.0899,0.0003,0.0,0.9997,Moore,0.01,0.02
411,0.2,0.6,0.2,0.0,False,411,0.0901,0.0002,0.0,0.9998,Moore,0.01,0.02
412,0.2,0.6,0.2,0.2,True,412,0.0754,0.0,0.0,1.0,Moore,0.01,0.02
413,0.2,0.6,0.2,0.2,False,413,0.077,0.0,0.0,1.0,Moore,0.01,0.02
414,0.2,0.6,0.2,0.4,True,414,0.076,0.0,0.0,1.0,Moore,0.01,0.02
415,0.2,0.6,0.2,0.4,False,415,0.0732,0.0,0.0,1.0,Moore,0.01,0.02
416,0.2,0.6,0.2,0.6,True,416,0.071,0.0,0.0,1.0,Moore,0.01,0.02
417,0.2,0.6,0.2,0.6,False,417,0.0743,0.0,0.0,1.0,Moore,0.01,0.02
418,0.2,0.6,0.2,0.8,True,418,0.0773,0.0,0.0,1.0,Moore,0.01,0.02
419,0.2,0.6,0.2,0.8,False,419,0.0737,0.0,0.0,1.0,Moore,0.01,0.02
420,0.2,0.6,0.4,0.0,True,420,0.0309,0.0,0.0,1.0,Moore,0.01,0.02
421,0.2,0.6,0.4,0.0,False,421,0.0343,0.0,0.0,1.0,Moore,0.01,0.02
422,0.2,0.6,0.4,0.2,True,422,0.0298,0.0,0.0,1.0,Moore,0.01,0.02
423,0.2,0.6,0.4,0.2,False,423,0.0283,0.0,0.0,1.0,Moore,0.01,0.02
424,0.2,0.6,0.4,0.4,True,424,0.0295,0.0,0.0,1.0,Moore,0.01,0.02
425,0.2,0.6,0.4,0.4,False,425,0.0302,0.0,0.0,1.0,Moore,0.01,0.02
426,0.2,0.6,0.4,0.6,True,426,0.0298,0.0,0.0,1.0,Moore,0.01,0.02
427,0.2,0.6,0.4,0.6,False,427,0.0277,0.0,0.0,1.0,Moore,0.01,0.02
428,0.2,0.6,0.4,0.8,True,428,0.0292,0.0,0.0,1.0,Moore,0.01,0.02
429,0.2,0.6,0.4,0.8,False,429,0.0324,0.0,0.0,1.0,Moore,0.01,0.02
430,0.2,0.6,0.6,0.0,True,430,0.0125,0.0,0.0,1.0,Moore,0.01,0.02
431,0.2,0.6,0.6,0.0,False,431,0.0141,0.0,0.0,1.0,Moore,0.01,0.02
432,0.2,0.6,0.6,0.2,True,432,0.0116,0.0,0.0,1.0,Moore,0.01,0.02
433,0.2,0.6,0.6,0.2,False,433,0.0135,0.0,0.0,1.0,Moore,0.01,0.02
434,0.2,0.6,0.6,0.4,True,434,0.0117,0.0,0.0,1.0,Moore,0.01,0.02
435,0.2,0.6,0.6,0.4,False,435,0.0126,0.0,0.0,1.0,Moore,0.01,0.02
436,0.2,0.6,0.6,0.6,True,436,0.0146,0.0,0.0,1.0,Moore,0.01,0.02
437,0.2,0.6,0.6,0.6,False,437,0.0146,0.0,0.0,1.0,Moore,0.01,0.02
438,0.2,0.6,0.6,0.8,True,438,0.0141,0.0,0.0,1.0,Moore,0.01,0.02
439,0.2,0.6,0.6,0.8,False,439,0.0137,0.0,0.0,1.0,Moore,0.01,0.02
440,0.2,0.6,0.8,0.0,True,440,0.0043,0.0,0.0,1.0,Moore,0.01,0.02
441,0.2,0.6,0.8,0.0,False,441,0.0048,0.0,0.0,1.0,Moore,0.01,0.02
442,0.2,0.6,0.8,0.2,True,442,0.0052,0.0,0.0,1.0,Moore,0.01,0.02
443,0.2,0.6,0.8,0.2,False,443,0.0048,0.0,0.0,1.0,Moore,0.01,0.02
444,0.2,0.6,0.8,0.4,True,444,0.005,0.0,0.0,1.0,Moore,0.01,0.02
445,0.2,0.6,0.8,0.4,False,445,0.0073,0.0,0.0,1.0,Moore,0.01,0.02
446,0.2,0.6,0.8,0.6,True,446,0.0056,0.0,0.0,1.0,Moore,0.01,0.02
447,0.2,0.6,0.8,0.6,False,447,0.0042,0.0,0.0,1.0,Moore,0.01,0.02
448,0.2,0.6,0.8,0.8,True,448,0.0052,0.0,0.0,1.0,Moore,0.01,0.02
449,0.2,0.6,0.8,0.8,False,449,0.0044,0.0,0.0,1.0,Moore,0.01,0.02
450,0.2,0.8,0.0,0.0,True,450,0.6234,0.3766,0.0,0.6234,Moore,0.01,0.02
451,0.2,0.8,0.0,0.0,False,451,0.6224,0.3776,0.0,0.6224,Moore,0.01,0.02
452,0.2,0.8,0.0,0.2,True,452,0.6195,0.3805,0.3805,0.6195,Moore,0.01,0.02
453,0.2,0.8,0.0,0.2,False,453,0.6226,0.3774,0.3774,0.6226,Moore,0.01,0.02
454,0.2,0.8,0.0,0.4,True,454,0.611,0.389,0.389,0.611,Moore,0.01,0.02
455,0.2,0.8,0.0,0.4,False,455,0.6251,0.3749,0.3749,0.6251,Moore,0.01,0.02
456,0.2,0.8,0.0,0.6,True,456,0.6203,0.3797,0.3797,0.6203,Moore,0.01,0.02
457,0.2,0.8,0.0,0.6,False,457,0.6257,0.3743,0.3743,0.6257,Moore,0.01,0.02
458,0.2,0.8,0.0,0.8,True,458,0.6147,0.3853,0.3853,0.6147,Moore,0.01,0.02
459,0.2,0.8,0.0,0.8,False,459,0.6245,0.3755,0.3755,0.6245,Moore,0.01,0.02
460,0.2,0.8,0.2,0.0,True,460,0.088,0.0002,0.0,0.9998,Moore,0.01,0.02
461,0.2,0.8,0.2,0.0,False,461,0.0891,0.0007,0.0,0.9993,Moore,0.01,0.02
462,0.2,0.8,0.2,0.2,True,462,0.0727,0.0,0.0,1.0,Moore,0.01,0.02
463,0.2,0.8,0.2,0.2,False,463,0.0771,0.0,0.0,1.0,Moore,0.01,0.02
464,0.2,0.8,0.2,0.4,True,464,0.0739,0.0,0.0,1.0,Moore,0.01,0.02
465,0.2,0.8,0.2,0.4,False,465,0.0803,0.0,0.0,1.0,Moore,0.01,0.02
466,0.2,0.8,0.2,0.6,True,466,0.0735,0.0001,0.0001,0.9999,Moore,0.01,0.02
467,0.2,0.8,0.2,0.6,False,467,0.0765,0.0,0.0,1.0,Moore,0.01,0.02
468,0.2,0.8,0.2,0.8,True,468,0.0726,0.0,0.0,1.0,Moore,0.01,0.02
469,0.2,0.8,0.2,0.8,False,469,0.0765,0.0,0.0,1.0,Moore,0.01,0.02
470,0.2,0.8,0.4,0.0,True,470,0.0302,0.0,0.0,1.0,Moore,0.01,0.02
471,0.2,0.8,0.4,0.0,False,471,0.031,0.0,0.0,1.0,Moore,0.01,0.02
472,0.2,0.8,0.4,0.2,True,472,0.0261,0.0,0.0,1.0,Moore,0.01,0.02
473,0.2,0.8,0.4,0.2,False,473,0.0295,0.0,0.0,1.0,Moore,0.01,0.02
474,0.2,0.8,0.4,0.4,True,474,0.0307,0.0,0.0,1.0,Moore,0.01,0.02
475,0.2,0.8,0.4,0.4,False,475,0.0295,0.0,0.0,1.0,Moore,0.01,0.02
476,0.2,0.8,0.4,0.6,True,476,0.0284,0.0,0.0,1.0,Moore,0.01,0.02
477,0.2,0.8,0.4,0.6,False,477,0.0294,0.0,0.0,1.0,Moore,0.01,0.02
478,0.2,0.8,0.4,0.8,True,478,0.0304,0.0,0.0,1.0,Moore,0.01,0.02
479,0.2,0.8,0.4,0.8,False,479,0.026,0.0,0.0,1.0,Moore,0.01,0.02
480,0.2,0.8,0.6,0.0,True,480,0.0156,0.0,0.0,1.0,Moore,0.01,0.02
481,0.2,0.8,0.6,0.0,False,481,0.014,0.0,0.0,1.0,Moore,0.01,0.02
482,0.2,0.8,0.6,0.2,True,482,0.0144,0.0,0.0,1.0,Moore,0.01,0.02
483,0.2,0.8,0.6,0.2,False,483,0.0142,0.0,0.0,1.0,Moore,0.01,0.02
484,0.2,0.8,0.6,0.4,True,484,0.0117,0.0,0.0,1.0,Moore,0.01,0.02
485,0.2,0.8,0.6,0.4,False,485,0.0119,0.0,0.0,1.0,Moore,0.01,0.02
486,0.2,0.8,0.6,0.6,True,486,0.0154,0.0,0.0,1.0,Moore,0.01,0.02
487,0.2,0.8,0.6,0.6,False,487,0.0126,0.0,0.0,1.0,Moore,0.01,0.02
488,0.2,0.8,0.6,0.8,True,488,0.0125,0.0,0.0,1.0,Moore,0.01,0.02
489,0.2,0.8,0.6,0.8,False,489,0.0114,0.0,0.0,1.0,Moore,0.01,0.02
490,0.2,0.8,0.8,0.0,True,490,0.0045,0.0,0.0,1.0,Moore,0.01,0.02
491,0.2,0.8,0.8,0.0,False,491,0.0049,0.0,0.0,1.0,Moore,0.01,0.02
492,0.2,0.8,0.8,0.2,True,492,0.0059,0.0,0.0,1.0,Moore,0.01,0.02
493,0.2,0.8,0.8,0.2,False,493,0.0047,0.0,0.0,1.0,Moore,0.01,0.02
494,0.2,0.8,0.8,0.4,True,494,0.0049,0.0,0.0,1.0,Moore,0.01,0.02
495,0.2,0.8,0.8,0.4,False,495,0.0059,0.0,0.0,1.0,Moore,0.01,0.02
496,0.2,0.8,0.8,0.6,True,496,0.0044,0.0,0.0,1.0,Moore,0.01,0.02
497,0.2,0.8,0.8,0.6,False,497,0.0049,0.0,0.0,1.0,Moore,0.01,0.02
498,0.2,0.8,0.8,0.8,True,498,0.0043,0.0,0.0,1.0,Moore,0.01,0.02
499,0.2,0.8,0.8,0.8,False,499,0.005,0.0,0.0,1.0,Moore,0.01,0.02
500,0.4,0.0,0.0,0.0,True,500,0.2505,0.1451,0.0,0.2505,Moore,0.01,0.02
501,0.4,0.0,0.0,0.0,False,501,0.2574,0.1436,0.0,0.2574,Moore,0.01,0.02
502,0.4,0.0,0.0,0.2,True,502,0.2458,0.154,0.154,0.2458,Moore,0.01,0.02
503,0.4,0.0,0.0,0.2,False,503,0.2488,0.1459,0.1459,0.2488,Moore,0.01,0.02
504,0.4,0.0,0.0,0.4,True,504,0.2535,0.1491,0.1491,0.2535,Moore,0.01,0.02
505,0.4,0.0,0.0,0.4,False,505,0.2416,0.1517,0.1517,0.2416,Moore,0.01,0.02
506,0.4,0.0,0.0,0.6,True,506,0.2533,0.1523,0.1523,0.2533,Moore,0.01,0.02
507,0.4,0.0,0.0,0.6,False,507,0.2555,0.1501,0.1501,0.2555,Moore,0.01,0.02
508,0.4,0.0,0.0,0.8,True,508,0.2477,0.15,0.15,0.2477,Moore,0.01,0.02
509,0.4,0.0,0.0,0.8,False,509,0.2448,0.1566,0.1566,0.2448,Moore,0.01,0.02
510,0.4,0.0,0.2,0.0,True,510,0.0287,0.0,0.0,0.3998,Moore,0.01,0.02
511,0.4,0.0,0.2,0.0,False,511,0.0319,0.0,0.0,0.3958,Moore,0.01,0.02
512,0.4,0.0,0.2,0.2,True,512,0.0288,0.0,0.0,0.3937,Moore,0.01,0.02
513,0.4,0.0,0.2,0.2,False,513,0.0311,0.0,0.0,0.3992,Moore,0.01,0.02
514,0.4,0.0,0.2,0.4,True,514,0.0286,0.0,0.0,0.4004,Moore,0.01,0.02
515,0.4,0.0,0.2,0.4,False,515,0.03,0.0,0.0,0.3883,Moore,0.01,0.02
516,0.4,0.0,0.2,0.6,True,516,0.0289,0.0,0.0,0.3941,Moore,0.01,0.02
517,0.4,0.0,0.2,0.6,False,517,0.0309,0.0,0.0,0.405,Moore,0.01,0.02
518,0.4,0.0,0.2,0.8,True,518,0.0289,0.0,0.0,0.3949,Moore,0.01,0.02
519,0.4,0.0,0.2,0.8,False,519,0.0287,0.0,0.0,0.404,Moore,0.01,0.02
520,0.4,0.0,0.4,0.0,True,520,0.013,0.0,0.0,0.4032,Moore,0.01,0.02
521,0.4,0.0,0.4,0.0,False,521,0.0115,0.0,0.0,0.3963,Moore,0.01,0.02
522,0.4,0.0,0.4,0.2,True,522,0.012,0.0,0.0,0.4028,Moore,0.01,0.02
523,0.4,0.0,0.4,0.2,False,523,0.0116,0.0,0.0,0.3973,Moore,0.01,0.02
524,0.4,0.0,0.4,0.4,True,524,0.011,0.0,0.0,0.4007,Moore,0.01,0.02
525,0.4,0.0,0.4,0.4,False,525,0.0114,0.0,0.0,0.3921,Moore,0.01,0.02
526,0.4,0.0,0.4,0.6,True,526,0.0104,0.0,0.0,0.3903,Moore,0.01,0.02
527,0.4,0.0,0.4,0.6,False,527,0.0122,0.0,0.0,0.3935,Moore,0.01,0.02
528,0.4,0.0,0.4,0.8,True,528,0.0105,0.0,0.0,0.3993,Moore,0.01,0.02
529,0.4,0.0,0.4,0.8,False,529,0.0119,0.0,0.0,0.396,Moore,0.01,0.02
530,0.4,0.0,0.6,0.0,True,530,0.0064,0.0,0.0,0.3952,Moore,0.01,0.02
531,0.4,0.0,0.6,0.0,False,531,0.0055,0.0,0.0,0.3948,Moore,0.01,0.02
532,0.4,0.0,0.6,0.2,True,532,0.0056,0.0,0.0,0.3954,Moore,0.01,0.02
533,0.4,0.0,0.6,0.2,False,533,0.0059,0.0,0.0,0.4112,Moore,0.01,0.02
534,0.4,0.0,0.6,0.4,True,534,0.006,0.0,0.0,0.3965,Moore,0.01,0.02
535,0.4,0.0,0.6,0.4,False,535,0.0043,0.0,0.0,0.4035,Moore,0.01,0.02
536,0.4,0.0,0.6,0.6,True,536,0.0049,0.0,0.0,0.3935,Moore,0.01,0.02
537,0.4,0.0,0.6,0.6,False,537,0.005,0.0,0.0,0.3962,Moore,0.01,0.02
538,0.4,0.0,0.6,0.8,True,538,0.0043,0.0,0.0,0.4019,Moore,0.01,0.02
539,0.4,0.0,0.6,0.8,False,539,0.0052,0.0,0.0,0.4026,Moore,0.01,0.02
540,0.4,0.0,0.8,0.0,True,540,0.0029,0.0,0.0,0.3996,Moore,0.01,0.02
541,0.4,0.0,0.8,0.0,False,541,0.0016,0.0,0.0,0.407,Moore,0.01,0.02
542,0.4,0.0,0.8,0.2,True,542,0.0024,0.0,0.0,0.4015,Moore,0.01,0.02
543,0.4,0.0,0.8,0.2,False,543,0.0018,0.0,0.0,0.3985,Moore,0.01,0.02
544,0.4,0.0,0.8,0.4,True,544,0.0016,0.0,0.0,0.4018,Moore,0.01,0.02
545,0.4,0.0,0.8,0.4,False,545,0.002,0.0,0.0,0.3972,Moore,0.01,0.02
546,0.4,0.0,0.8,0.6,True,546,0.0017,0.0,0.0,0.4021,Moore,0.01,0.02
547,0.4,0.0,0.8,0.6,False,547,0.0025,0.0,0.0,0.3919,Moore,0.01,0.02
548,0.4,0.0,0.8,0.8,True,548,0.0024,0.0,0.0,0.3976,Moore,0.01,0.02
549,0.4,0.0,0.8,0.8,False,549,0.0012,0.0,0.0,0.4012,Moore,0.01,0.02
550,0.4,0.2,0.0,0.0,True,550,0.6326,0.3674,0.0,0.6326,Moore,0.01,0.02
551,0.4,0.2,0.0,0.0,False,551,0.6218,0.3782,0.0,0.6218,Moore,0.01,0.02
552,0.4,0.2,0.0,0.2,True,552,0.6169,0.3807,0.3806,0.6169,Moore,0.01,0.02
553,0.4,0.2,0.0,0.2,False,553,0.6303,0.3696,0.3696,0.6303,Moore,0.01,0.02
554,0.4,0.2,0.0,0.4,True,554,0.6122,0.3755,0.3755,0.6122,Moore,0.01,0.02
555,0.4,0.2,0.0,0.4,False,555,0.621,0.3769,0.3769,0.621,Moore,0.01,0.02
556,0.4,0.2,0.0,0.6,True,556,0.5905,0.3749,0.3749,0.5905,Moore,0.01,0.02
557,0.4,0.2,0.0,0.6,False,557,0.6171,0.3729,0.3729,0.6171,Moore,0.01,0.02
558,0.4,0.2,0.0,0.8,True,558,0.5833,0.3718,0.3718,0.5833,Moore,0.01,0.02
559,0.4,0.2,0.0,0.8,False,559,0.6072,0.3622,0.3622,0.6072,Moore,0.01,0.02
560,0.4,0.2,0.2,0.0,True,560,0.0866,0.0001,0.0,0.9999,Moore,0.01,0.02
561,0.4,0.2,0.2,0.0,False,561,0.0826,0.0001,0.0,0.9999,Moore,0.01,0.02
562,0.4,0.2,0.2,0.2,True,562,0.0775,0.0,0.0,0.9947,Moore,0.01,0.02
563,0.4,0.2,0.2,0.2,False,563,0.076,0.0,0.0,0.9994,Moore,0.01,0.02
564,0.4,0.2,0.2,0.4,True,564,0.0716,0.0,0.0,0.9825,Moore,0.01,0.02
565,0.4,0.2,0.2,0.4,False,565,0.0753,0.0,0.0,0.9943,Moore,0.01,0.02
566,0.4,0.2,0.2,0.6,True,566,0.0724,0.0,0.0,0.9676,Moore,0.01,0.02
567,0.4,0.2,0.2,0.6,False,567,0.0731,0.0,0.0,0.9799,Moore,0.01,0.02
568,0.4,0.2,0.2,0.8,True,568,0.0726,0.0,0.0,0.9524,Moore,0.01,0.02
569,0.4,0.2,0.2,0.8,False,569,0.0748,0.0,0.0,0.963,Moore,0.01,0.02
570,0.4,0.2,0.4,0.0,True,570,0.0301,0.0,0.0,0.9985,Moore,0.01,0.02
571,0.4,0.2,0.4,0.0,False,571,0.0302,0.0,0.0,0.9998,Moore,0.01,0.02
572,0.4,0.2,0.4,0.2,True,572,0.0285,0.0,0.0,0.9877,Moore,0.01,0.02
573,0.4,0.2,0.4,0.2,False,573,0.0307,0.0,0.0,0.9952,Moore,0.01,0.02
574,0.4,0.2,0.4,0.4,True,574,0.0302,0.0,0.0,0.9728,Moore,0.01,0.02
575,0.4,0.2,0.4,0.4,False,575,0.0303,0.0,0.0,0.9894,Moore,0.01,0.02
576,0.4,0.2,0.4,0.6,True,576,0.0267,0.0,0.0,0.9524,Moore,0.01,0.02
577,0.4,0.2,0.4,0.6,False,577,0.0317,0.0,0.0,0.9751,Moore,0.01,0.02
578,0.4,0.2,0.4,0.8,True,578,0.026,0.0,0.0,0.9516,Moore,0.01,0.02
579,0.4,0.2,0.4,0.8,False,579,0.0278,0.0,0.0,0.9588,Moore,0.01,0.02
580,0.4,0.2,0.6,0.0,True,580,0.0144,0.0,0.0,0.9921,Moore,0.01,0.02
581,0.4,0.2,0.6,0.0,False,581,0.0136,0.0,0.0,0.9894,Moore,0.01,0.02
582,0.4,0.2,0.6,0.2,True,582,0.0135,0.0,0.0,0.98,Moore,0.01,0.02
583,0.4,0.2,0.6,0.2,False,583,0.0133,0.0,0.0,0.9843,Moore,0.01,0.02
584,0.4,0.2,0.6,0.4,True,584,0.012,0.0,0.0,0.9651,Moore,0.01,0.02
585,0.4,0.2,0.6,0.4,False,585,0.0118,0.0,0.0,0.9781,Moore,0.01,0.02
586,0.4,0.2,0.6,0.6,True,586,0.0104,0.0,0.0,0.9484,Moore,0.01,0.02
587,0.4,0.2,0.6,0.6,False,587,0.0124,0.0,0.0,0.9679,Moore,0.01,0.02
588,0.4,0.2,0.6,0.8,True,588,0.0121,0.0,0.0,0.9414,Moore,0.01,0.02
589,0.4,0.2,0.6,0.8,False,589,0.012,0.0,0.0,0.9521,Moore,0.01,0.02
590,0.4,0.2,0.8,0.0,True,590,0.0046,0.0,0.0,0.9689,Moore,0.01,0.02
591,0.4,0.2,0.8,0.0,False,591,0.0065,0.0,0.0,0.9743,Moore,0.01,0.02
592,0.4,0.2,0.8,0.2,True,592,0.0066,0.0,0.0,0.9591,Moore,0.01,0.02
593,0.4,0.2,0.8,0.2,False,593,0.0058,0.0,0.0,0.9676,Moore,0.01,0.02
594,0.4,0.2,0.8,0.4,True,594,0.0037,0.0,0.0,0.9532,Moore,0.01,0.02
595,0.4,0.2,0.8,0.4,False,595,0.0054,0.0,0.0,0.9667,Moore,0.01,0.02
596,0.4,0.2,0.8,0.6,True,596,0.004,0.0,0.0,0.9495,Moore,0.01,0.02
597,0.4,0.2,0.8,0.6,False,597,0.0052,0.0,0.0,0.9523,Moore,0.01,0.02
598,0.4,0.2,0.8,0.8,True,598,0.0052,0.0,0.0,0.9475,Moore,0.01,0.02
599,0.4,0.2,0.8,0.8,False,599,0.0043,0.0,0.0,0.9531,Moore,0.01,0.02
600,0.4,0.4,0.0,0.0,True,600,0.6269,0.3731,0.0,0.6269,Moore,0.01,0.02
601,0.4,0.4,0.0,0.0,False,601,0.6389,0.3611,0.0,0.6389,Moore,0.01,0.02
602,0.4,0.4,0.0,0.2,True,602,0.6203,0.3797,0.3797,0.6203,Moore,0.01,0.02
603,0.4,0.4,0.0,0.2,False,603,0.6179,0.3821,0.3821,0.6179,Moore,0.01,0.02
604,0.4,0.4,0.0,0.4,True,604,0.6211,0.3789,0.3789,0.6211,Moore,0.01,0.02
605,0.4,0.4,0.0,0.4,False,605,0.6183,0.3817,0.3817,0.6183,Moore,0.01,0.02
606,0.4,0.4,0.0,0.6,True,606,0.6225,0.3775,0.3775,0.6225,Moore,0.01,0.02
607,0.4,0.4,0.0,0.6,False,607,0.6192,0.3808,0.3808,0.6192,Moore,0.01,0.02
608,0.4,0.4,0.0,0.8,True,608,0.6206,0.3794,0.3794,0.6206,Moore,0.01,0.02
609,0.4,0.4,0.0,0.8,False,609,0.6239,0.3761,0.3761,0.6239,Moore,0.01,0.02
610,0.4,0.4,0.2,0.0,True,610,0.085,0.0,0.0,1.0,Moore,0.01,0.02
611,0.4,0.4,0.2,0.0,False,611,0.0876,0.0005,0.0,0.9995,Moore,0.01,0.02
612,0.4,0.4,0.2,0.2,True,612,0.0786,0.0,0.0,1.0,Moore,0.01,0.02
613,0.4,0.4,0.2,0.2,False,613,0.0745,0.0,0.0,1.0,Moore,0.01,0.02
614,0.4,0.4,0.2,0.4,True,614,0.0746,0.0,0.0,1.0,Moore,0.01,0.02
615,0.4,0.4,0.2,0.4,False,615,0.0792,0.0,0.0,1.0,Moore,0.01,0.02
616,0.4,0.4,0.2,0.6,True,616,0.0759,0.0,0.0,1.0,Moore,0.01,0.02
617,0.4,0.4,0.2,0.6,False,617,0.0734,0.0,0.0,1.0,Moore,0.01,0.02
618,0.4,0.4,0.2,0.8,True,618,0.07,0.0,0.0,1.0,Moore,0.01,0.02
619,0.4,0.4,0.2,0.8,False,619,0.0767,0.0001,0.0001,0.9999,Moore,0.01,0.02
620,0.4,0.4,0.4,0.0,True,620,0.0318,0.0,0.0,1.0,Moore,0.01,0.02
621,0.4,0.4,0.4,0.0,False,621,0.0307,0.0,0.0,1.0,Moore,0.01,0.02
622,0.4,0.4,0.4,0.2,True,622,0.0317,0.0,0.0,1.0,Moore,0.01,0.02
623,0.4,0.4,0.4,0.2,False,623,0.0316,0.0,0.0,1.0,Moore,0.01,0.02
624,0.4,0.4,0.4,0.4,True,624,0.0278,0.0,0.0,1.0,Moore,0.01,0.02
625,0.4,0.4,0.4,0.4,False,625,0.0292,0.0,0.0,1.0,Moore,0.01,0.02
626,0.4,0.4,0.4,0.6,True,626,0.0301,0.0,0.0,1.0,Moore,0.01,0.02
627,0.4,0.4,0.4,0.6,False,627,0.03,0.0,0.0,1.0,Moore,0.01,0.02
628,0.4,0.4,0.4,0.8,True,628,0.0297,0.0,0.0,1.0,Moore,0.01,0.02
629,0.4,0.4,0.4,0.8,False,629,0.0306,0.0,0.0,1.0,Moore,0.01,0.02
630,0.4,0.4,0.6,0.0,True,630,0.0131,0.0,0.0,1.0,Moore,0.01,0.02
631,0.4,0.4,0.6,0.0,False,631,0.0146,0.0,0.0,1.0,Moore,0.01,0.02
632,0.4,0.4,0.6,0.2,True,632,0.0138,0.0,0.0,1.0,Moore,0.01,0.02
633,0.4,0.4,0.6,0.2,False,633,0.0134,0.0,0.0,1.0,Moore,0.01,0.02
634,0.4,0.4,0.6,0.4,True,634,0.0111,0.0,0.0,1.0,Moore,0.01,0.02
635,0.4,0.4,0.6,0.4,False,635,0.015,0.0,0.0,1.0,Moore,0.01,0.02
636,0.4,0.4,0.6,0.6,True,636,0.012,0.0,0.0,1.0,Moore,0.01,0.02
637,0.4,0.4,0.6,0.6,False,637,0.0115,0.0,0.0,1.0,Moore,0.01,0.02
638,0.4,0.4,0.6,0.8,True,638,0.0137,0.0,0.0,1.0,Moore,0.01,0.02
639,0.4,0.4,0.6,0.8,False,639,0.0134,0.0,0.0,1.0,Moore,0.01,0.02
640,0.4,0.4,0.8,0.0,True,640,0.005,0.0,0.0,1.0,Moore,0.01,0.02
641,0.4,0.4,0.8,0.0,False,641,0.0051,0.0,0.0,1.0,Moore,0.01,0.02
642,0.4,0.4,0.8,0.2,True,642,0.0046,0.0,0.0,1.0,Moore,0.01,0.02
643,0.4,0.4,0.8,0.2,False,643,0.0044,0.0,0.0,1.0,Moore,0.01,0.02
644,0.4,0.4,0.8,0.4,True,644,0.0055,0.0,0.0,1.0,Moore,0.01,0.02
645,0.4,0.4,0.8,0.4,False,645,0.0042,0.0,0.0,1.0,Moore,0.01,0.02
646,0.4,0.4,0.8,0.6,True,646,0.004,0.0,0.0,1.0,Moore,0.01,0.02
647,0.4,0.4,0.8,0.6,False,647,0.0048,0.0,0.0,1.0,Moore,0.01,0.02
648,0.4,0.4,0.8,0.8,True,648,0.0046,0.0,0.0,1.0,Moore,0.01,0.02
649,0.4,0.4,0.8,0.8,False,649,0.0041,0.0,0.0,1.0,Moore,0.01,0.02
650,0.4,0.6,0.0,0.0,True,650,0.623,0.377,0.0,0.623,Moore,0.01,0.02
651,0.4,0.6,0.0,0.0,False,651,0.6314,0.3686,0.0,0.6314,Moore,0.01,0.02
652,0.4,0.6,0.0,0.2,True,652,0.6216,0.3784,0.3784,0.6216,Moore,0.01,0.02
653,0.4,0.6,0.0,0.2,False,653,0.6171,0.3829,0.3829,0.6171,Moore,0.01,0.02
654,0.4,0.6,0.0,0.4,True,654,0.6208,0.3792,0.3792,0.6208,Moore,0.01,0.02
655,0.4,0.6,0.0,0.4,False,655,0.6195,0.3805,0.3805,0.6195,Moore,0.01,0.02
656,0.4,0.6,0.0,0.6,True,656,0.6221,0.3779,0.3779,0.6221,Moore,0.01,0.02
657,0.4,0.6,0.0,0.6,False,657,0.6114,0.3886,0.3886,0.6114,Moore,0.01,0.02
658,0.4,0.6,0.0,0.8,True,658,0.6107,0.3893,0.3893,0.6107,Moore,0.01,0.02
659,0.4,0.6,0.0,0.8,False,659,0.6229,0.3771,0.3771,0.6229,Moore,0.01,0.02
660,0.4,0.6,0.2,0.0,True,660,0.0853,0.0004,0.0,0.9996,Moore,0.01,0.02
661,0.4,0.6,0.2,0.0,False,661,0.0854,0.0005,0.0,0.9995,Moore,0.01,0.02
662,0.4,0.6,0.2,0.2,True,662,0.0824,0.0,0.0,1.0,Moore,0.01,0.02
663,0.4,0.6,0.2,0.2,False,663,0.0755,0.0,0.0,1.0,Moore,0.01,0.02
664,0.4,0.6,0.2,0.4,True,664,0.0748,0.0,0.0,1.0,Moore,0.01,0.02
665,0.4,0.6,0.2,0.4,False,665,0.0724,0.0,0.0,1.0,Moore,0.01,0.02
666,0.4,0.6,0.2,0.6,True,666,0.075,0.0001,0.0001,0.9999,Moore,0.01,0.02
667,0.4,0.6,0.2,0.6,False,667,0.0738,0.0,0.0,1.0,Moore,0.01,0.02
668,0.4,0.6,0.2,0.8,True,668,0.0739,0.0,0.0,1.0,Moore,0.01,0.02
669,0.4,0.6,0.2,0.8,False,669,0.0739,0.0,0.0,1.0,Moore,0.01,0.02
670,0.4,0.6,0.4,0.0,True,670,0.0296,0.0,0.0,1.0,Moore,0.01,0.02
671,0.4,0.6,0.4,0.0,False,671,0.0344,0.0,0.0,1.0,Moore,0.01,0.02
672,0.4,0.6,0.4,0.2,True,672,0.0285,0.0,0.0,1.0,Moore,0.01,0.02
673,0.4,0.6,0.4,0.2,False,673,0.0293,0.0,0.0,1.0,Moore,0.01,0.02
674,0.4,0.6,0.4,0.4,True,674,0.0285,0.0,0.0,1.0,Moore,0.01,0.02
675,0.4,0.6,0.4,0.4,False,675,0.0275,0.0,0.0,1.0,Moore,0.01,0.02
676,0.4,0.6,0.4,0.6,True,676,0.0311,0.0,0.0,1.0,Moore,0.01,0.02
677,0.4,0.6,0.4,0.6,False,677,0.0319,0.0,0.0,1.0,Moore,0.01,0.02
678,0.4,0.6,0.4,0.8,True,678,0.031,0.0,0.0,1.0,Moore,0.01,0.02
679,0.4,0.6,0.4,0.8,False,679,0.029,0.0,0.0,1.0,Moore,0.01,0.02
680,0.4,0.6,0.6,0.0,True,680,0.0164,0.0,0.0,1.0,Moore,0.01,0.02
681,0.4,0.6,0.6,0.0,False,681,0.0125,0.0,0.0,1.0,Moore,0.01,0.02
682,0.4,0.6,0.6,0.2,True,682,0.0143,0.0,0.0,1.0,Moore,0.01,0.02
683,0.4,0.6,0.6,0.2,False,683,0.016,0.0,0.0,1.0,Moore,0.01,0.02
684,0.4,0.6,0.6,0.4,True,684,0.014,0.0,0.0,1.0,Moore,0.01,0.02
685,0.4,0.6,0.6,0.4,False,685,0.0148,0.0,0.0,1.0,Moore,0.01,0.02
686,0.4,0.6,0.6,0.6,True,686,0.014,0.0,0.0,1.0,Moore,0.01,0.02
687,0.4,0.6,0.6,0.6,False,687,0.0128,0.0,0.0,1.0,Moore,0.01,0.02
688,0.4,0.6,0.6,0.8,True,688,0.0132,0.0,0.0,1.0,Moore,0.01,0.02
689,0.4,0.6,0.6,0.8,False,689,0.0138,0.0,0.0,1.0,Moore,0.01,0.02
690,0.4,0.6,0.8,0.0,True,690,0.0054,0.0,0.0,1.0,Moore,0.01,0.02
691,0.4,0.6,0.8,0.0,False,691,0.0049,0.0,0.0,1.0,Moore,0.01,0.02
692,0.4,0.6,0.8,0.2,True,692,0.0052,0.0,0.0,1.0,Moore,0.01,0.02
693,0.4,0.6,0.8,0.2,False,693,0.0052,0.0,0.0,1.0,Moore,0.01,0.02
694,0.4,0.6,0.8,0.4,True,694,0.0037,0.0,0.0,1.0,Moore,0.01,0.02
695,0.4,0.6,0.8,0.4,False,695,0.0048,0.0,0.0,1.0,Moore,0.01,0.02
696,0.4,0.6,0.8,0.6,True,696,0.0059,0.0,0.0,1.0,Moore,0.01,0.02
697,0.4,0.6,0.8,0.6,False,697,0.0064,0.0,0.0,1.0,Moore,0.01,0.02
698,0.4,0.6,0.8,0.8,True,698,0.0041,0.0,0.0,1.0,Moore,0.01,0.02
699,0.4,0.6,0.8,0.8,False,699,0.005,0.0,0.0,1.0,Moore,0.01,0.02
700,0.4,0.8,0.0,0.0,True,700,0.6345,0.3655,0.0,0.6345,Moore,0.01,0.02
701,0.4,0.8,0.0,0.0,False,701,0.6233,0.3767,0.0,0.6233,Moore,0.01,0.02
702,0.4,0.8,0.0,0.2,True,702,0.617,0.383,0.383,0.617,Moore,0.01,0.02
703,0.4,0.8,0.0,0.2,False,703,0.6299,0.3701,0.3701,0.6299,Moore,0.01,0.02
704,0.4,0.8,0.0,0.4,True,704,0.6226,0.3774,0.3774,0.6226,Moore,0.01,0.02
705,0.4,0.8,0.0,0.4,False,705,0.619,0.381,0.381,0.619,Moore,0.01,0.02
706,0.4,0.8,0.0,0.6,True,706,0.6139,0.3861,0.3861,0.6139,Moore,0.01,0.02
707,0.4,0.8,0.0,0.6,False,707,0.6173,0.3827,0.3827,0.6173,Moore,0.01,0.02
708,0.4,0.8,0.0,0.8,True,708,0.6151,0.3849,0.3849,0.6151,Moore,0.01,0.02
709,0.4,0.8,0.0,0.8,False,709,0.6332,0.3668,0.3668,0.6332,Moore,0.01,0.02
710,0.4,0.8,0.2,0.0,True,710,0.086,0.0005,0.0,0.9995,Moore,0.01,0.02
711,0.4,0.8,0.2,0.0,False,711,0.0918,0.0002,0.0,0.9998,Moore,0.01,0.02
712,0.4,0.8,0.2,0.2,True,712,0.0734,0.0,0.0,1.0,Moore,0.01,0.02
713,0.4,0.8,0.2,0.2,False,713,0.0751,0.0,0.0,1.0,Moore,0.01,0.02
714,0.4,0.8,0.2,0.4,True,714,0.072,0.0,0.0,1.0,Moore,0.01,0.02
715,0.4,0.8,0.2,0.4,False,715,0.0727,0.0,0.0,1.0,Moore,0.01,0.02
716,0.4,0.8,0.2,0.6,True,716,0.072,0.0,0.0,1.0,Moore,0.01,0.02
717,0.4,0.8,0.2,0.6,False,717,0.077,0.0,0.0,1.0,Moore,0.01,0.02
718,0.4,0.8,0.2,0.8,True,718,0.0783,0.0,0.0,1.0,Moore,0.01,0.02
719,0.4,0.8,0.2,0.8,False,719,0.0766,0.0,0.0,1.0,Moore,0.01,0.02
720,0.4,0.8,0.4,0.0,True,720,0.0304,0.0,0.0,1.0,Moore,0.01,0.02
721,0.4,0.8,0.4,0.0,False,721,0.0321,0.0,0.0,1.0,Moore,0.01,0.02
722,0.4,0.8,0.4,0.2,True,722,0.029,0.0,0.0,1.0,Moore,0.01,0.02
723,0.4,0.8,0.4,0.2,False,723,0.0297,0.0,0.0,1.0,Moore,0.01,0.02
724,0.4,0.8,0.4,0.4,True,724,0.0283,0.0,0.0,1.0,Moore,0.01,0.02
725,0.4,0.8,0.4,0.4,False,725,0.0302,0.0,0.0,1.0,Moore,0.01,0.02
726,0.4,0.8,0.4,0.6,True,726,0.0312,0.0,0.0,1.0,Moore,0.01,0.02
727,0.4,0.8,0.4,0.6,False,727,0.0276,0.0,0.0,1.0,Moore,0.01,0.02
728,0.4,0.8,0.4,0.8,True,728,0.0304,0.0,0.0,1.0,Moore,0.01,0.02
729,0.4,0.8,0.4,0.8,False,729,0.0296,0.0,0.0,1.0,Moore,0.01,0.02
730,0.4,0.8,0.6,0.0,True,730,0.0158,0.0,0.0,1.0,Moore,0.01,0.02
731,0.4,0.8,0.6,0.0,False,731,0.0136,0.0,0.0,1.0,Moore,0.01,0.02
732,0.4,0.8,0.6,0.2,True,732,0.0131,0.0,0.0,1.0,Moore,0.01,0.02
733,0.4,0.8,0.6,0.2,False,733,0.0117,0.0,0.0,1.0,Moore,0.01,0.02
734,0.4,0.8,0.6,0.4,True,734,0.0141,0.0,0.0,1.0,Moore,0.01,0.02
735,0.4,0.8,0.6,0.4,False,735,0.0141,0.0,0.0,1.0,Moore,0.01,0.02
736,0.4,0.8,0.6,0.6,True,736,0.0115,0.0,0.0,1.0,Moore,0.01,0.02
737,0.4,0.8,0.6,0.6,False,737,0.0132,0.0,0.0,1.0,Moore,0.01,0.02
738,0.4,0.8,0.6,0.8,True,738,0.0146,0.0,0.0,1.0,Moore,0.01,0.02
739,0.4,0.8,0.6,0.8,False,739,0.0124,0.0,0.0,1.0,Moore,0.01,0.02
740,0.4,0.8,0.8,0.0,True,740,0.005,0.0,0.0,1.0,Moore,0.01,0.02
741,0.4,0.8,0.8,0.0,False,741,0.0056,0.0,0.0,1.0,Moore,0.01,0.02
742,0.4,0.8,0.8,0.2,True,742,0.0052,0.0,0.0,1.0,Moore,0.01,0.02
743,0.4,0.8,0.8,0.2,False,743,0.0047,0.0,0.0,1.0,Moore,0.01,0.02
744,0.4,0.8,0.8,0.4,True,744,0.0045,0.0,0.0,1.0,Moore,0.01,0.02
745,0.4,0.8,0.8,0.4,False,745,0.0041,0.0,0.0,1.0,Moore,0.01,0.02
746,0.4,0.8,0.8,0.6,True,746,0.0054,0.0,0.0,1.0,Moore,0.01,0.02
747,0.4,0.8,0.8,0.6,False,747,0.0048,0.0,0.0,1.0,Moore,0.01,0.02
748,0.4,0.8,0.8,0.8,True,748,0.005,0.0,0.0,1.0,Moore,0.01,0.02
749,0.4,0.8,0.8,0.8,False,749,0.0038,0.0,0.0,1.0,Moore,0.01,0.02
750,0.6,0.0,0.0,0.0,True,750,0.3777,0.2139,0.0,0.3777,Moore,0.01,0.02
751,0.6,0.0,0.0,0.0,False,751,0.3788,0.2196,0.0,0.3788,Moore,0.01,0.02
752,0.6,0.0,0.0,0.2,True,752,0.3752,0.2254,0.2254,0.3752,Moore,0.01,0.02
753,0.6,0.0,0.0,0.2,False,753,0.3742,0.2245,0.2245,0.3742,Moore,0.01,0.02
754,0.6,0.0,0.0,0.4,True,754,0.3766,0.2324,0.2324,0.3766,Moore,0.01,0.02
755,0.6,0.0,0.0,0.4,False,755,0.3867,0.215,0.215,0.3867,Moore,0.01,0.02
756,0.6,0.0,0.0,0.6,True,756,0.3747,0.2267,0.2267,0.3747,Moore,0.01,0.02
757,0.6,0.0,0.0,0.6,False,757,0.3751,0.2223,0.2223,0.3751,Moore,0.01,0.02
758,0.6,0.0,0.0,0.8,True,758,0.37,0.2336,0.2336,0.37,Moore,0.01,0.02
759,0.6,0.0,0.0,0.8,False,759,0.3787,0.2249,0.2249,0.3787,Moore,0.01,0.02
760,0.6,0.0,0.2,0.0,True,760,0.047,0.0,0.0,0.6048,Moore,0.01,0.02
761,0.6,0.0,0.2,0.0,False,761,0.0509,0.0,0.0,0.6125,Moore,0.01,0.02
762,0.6,0.0,0.2,0.2,True,762,0.041,0.0,0.0,0.5946,Moore,0.01,0.02
763,0.6,0.0,0.2,0.2,False,763,0.0451,0.0,0.0,0.6,Moore,0.01,0.02
764,0.6,0.0,0.2,0.4,True,764,0.0423,0.0,0.0,0.6039,Moore,0.01,0.02
765,0.6,0.0,0.2,0.4,False,765,0.0409,0.0,0.0,0.6045,Moore,0.01,0.02
766,0.6,0.0,0.2,0.6,True,766,0.0424,0.0,0.0,0.6048,Moore,0.01,0.02
767,0.6,0.0,0.2,0.6,False,767,0.0456,0.0,0.0,0.6021,Moore,0.01,0.02
768,0.6,0.0,0.2,0.8,True,768,0.0427,0.0,0.0,0.595,Moore,0.01,0.02
769,0.6,0.0,0.2,0.8,False,769,0.0459,0.0,0.0,0.6024,Moore,0.01,0.02
770,0.6,0.0,0.4,0.0,True,770,0.0189,0.0,0.0,0.6068,Moore,0.01,0.02
771,0.6,0.0,0.4,0.0,False,771,0.018,0.0,0.0,0.6045,Moore,0.01,0.02
772,0.6,0.0,0.4,0.2,True,772,0.0195,0.0,0.0,0.5991,Moore,0.01,0.02
773,0.6,0.0,0.4,0.2,False,773,0.0201,0.0,0.0,0.5992,Moore,0.01,0.02
774,0.6,0.0,0.4,0.4,True,774,0.0172,0.0,0.0,0.6052,Moore,0.01,0.02
775,0.6,0.0,0.4,0.4,False,775,0.0182,0.0,0.0,0.6017,Moore,0.01,0.02
776,0.6,0.0,0.4,0.6,True,776,0.0171,0.0,0.0,0.5919,Moore,0.01,0.02
777,0.6,0.0,0.4,0.6,False,777,0.019,0.0,0.0,0.5893,Moore,0.01,0.02
778,0.6,0.0,0.4,0.8,True,778,0.018,0.0,0.0,0.6039,Moore,0.01,0.02
779,0.6,0.0,0.4,0.8,False,779,0.0183,0.0,0.0,0.5928,Moore,0.01,0.02
780,0.6,0.0,0.6,0.0,True,780,0.0095,0.0,0.0,0.608,Moore,0.01,0.02
781,0.6,0.0,0.6,0.0,False,781,0.0075,0.0,0.0,0.5886,Moore,0.01,0.02
782,0.6,0.0,0.6,0.2,True,782,0.0087,0.0,0.0,0.599,Moore,0.01,0.02
783,0.6,0.0,0.6,0.2,False,783,0.0064,0.0,0.0,0.6001,Moore,0.01,0.02
784,0.6,0.0,0.6,0.4,True,784,0.0088,0.0,0.0,0.6015,Moore,0.01,0.02
785,0.6,0.0,0.6,0.4,False,785,0.006,0.0,0.0,0.5953,Moore,0.01,0.02
786,0.6,0.0,0.6,0.6,True,786,0.0072,0.0,0.0,0.5909,Moore,0.01,0.02
787,0.6,0.0,0.6,0.6,False,787,0.0075,0.0,0.0,0.6017,Moore,0.01,0.02
788,0.6,0.0,0.6,0.8,True,788,0.0076,0.0,0.0,0.5966,Moore,0.01,0.02
789,0.6,0.0,0.6,0.8,False,789,0.0065,0.0,0.0,0.5951,Moore,0.01,0.02
790,0.6,0.0,0.8,0.0,True,790,0.002,0.0,0.0,0.6079,Moore,0.01,0.02
791,0.6,0.0,0.8,0.0,False,791,0.0027,0.0,0.0,0.5954,Moore,0.01,0.02
792,0.6,0.0,0.8,0.2,True,792,0.0021,0.0,0.0,0.6025,Moore,0.01,0.02
793,0.6,0.0,0.8,0.2,False,793,0.0035,0.0,0.0,0.6106,Moore,0.01,0.02
794,0.6,0.0,0.8,0.4,True,794,0.0024,0.0,0.0,0.6065,Moore,0.01,0.02
795,0.6,0.0,0.8,0.4,False,795,0.0034,0.0,0.0,0.606,Moore,0.01,0.02
796,0.6,0.0,0.8,0.6,True,796,0.0028,0.0,0.0,0.5974,Moore,0.01,0.02
797,0.6,0.0,0.8,0.6,False,797,0.003,0.0,0.0,0.5915,Moore,0.01,0.02
798,0.6,0.0,0.8,0.8,True,798,0.0025,0.0,0.0,0.6073,Moore,0.01,0.02
799,0.6,0.0,0.8,0.8,False,799,0.0037,0.0,0.0,0.6084,Moore,0.01,0.02
800,0.6,0.2,0.0,0.0,True,800,0.6333,0.3667,0.0,0.6333,Moore,0.01,0.02
801,0.6,0.2,0.0,0.0,False,801,0.6374,0.3626,0.0,0.6374,Moore,0.01,0.02
802,0.6,0.2,0.0,0.2,True,802,0.6215,0.3779,0.3779,0.6215,Moore,0.01,0.02
803,0.6,0.2,0.0,0.2,False,803,0.6307,0.3692,0.3692,0.6307,Moore,0.01,0.02
804,0.6,0.2,0.0,0.4,True,804,0.6185,0.3785,0.3785,0.6185,Moore,0.01,0.02
805,0.6,0.2,0.0,0.4,False,805,0.6269,0.3731,0.3731,0.6269,Moore,0.01,0.02
806,0.6,0.2,0.0,0.6,True,806,0.6176,0.3743,0.3743,0.6176,Moore,0.01,0.02
807,0.6,0.2,0.0,0.6,False,807,0.6205,0.378,0.378,0.6205,Moore,0.01,0.02
808,0.6,0.2,0.0,0.8,True,808,0.6055,0.3825,0.3825,0.6055,Moore,0.01,0.02
809,0.6,0.2,0.0,0.8,False,809,0.6257,0.3712,0.3712,0.6257,Moore,0.01,0.02
810,0.6,0.2,0.2,0.0,True,810,0.0868,0.0001,0.0,0.9999,Moore,0.01,0.02
811,0.6,0.2,0.2,0.0,False,811,0.0913,0.0002,0.0,0.9998,Moore,0.01,0.02
812,0.6,0.2,0.2,0.2,True,812,0.0759,0.0,0.0,0.9988,Moore,0.01,0.02
813,0.6,0.2,0.2,0.2,False,813,0.076,0.0,0.0,1.0,Moore,0.01,0.02
814,0.6,0.2,0.2,0.4,True,814,0.0708,0.0,0.0,0.9963,Moore,0.01,0.02
815,0.6,0.2,0.2,0.4,False,815,0.0708,0.0,0.0,0.9992,Moore,0.01,0.02
816,0.6,0.2,0.2,0.6,True,816,0.0719,0.0,0.0,0.9898,Moore,0.01,0.02
817,0.6,0.2,0.2,0.6,False,817,0.0755,0.0,0.0,0.9974,Moore,0.01,0.02
818,0.6,0.2,0.2,0.8,True,818,0.0734,0.0,0.0,0.9863,Moore,0.01,0.02
819,0.6,0.2,0.2,0.8,False,819,0.0784,0.0,0.0,0.994,Moore,0.01,0.02
820,0.6,0.2,0.4,0.0,True,820,0.033,0.0,0.0,0.9999,Moore,0.01,0.02
821,0.6,0.2,0.4,0.0,False,821,0.0331,0.0,0.0,0.9999,Moore,0.01,0.02
822,0.6,0.2,0.4,0.2,True,822,0.0292,0.0,0.0,0.9981,Moore,0.01,0.02
823,0.6,0.2,0.4,0.2,False,823,0.0326,0.0,0.0,0.9991,Moore,0.01,0.02
824,0.6,0.2,0.4,0.4,True,824,0.0275,0.0,0.0,0.9956,Moore,0.01,0.02
825,0.6,0.2,0.4,0.4,False,825,0.0297,0.0,0.0,0.9987,Moore,0.01,0.02
826,0.6,0.2,0.4,0.6,True,826,0.0279,0.0,0.0,0.9909,Moore,0.01,0.02
827,0.6,0.2,0.4,0.6,False,827,0.0305,0.0,0.0,0.9967,Moore,0.01,0.02
828,0.6,0.2,0.4,0.8,True,828,0.0304,0.0,0.0,0.9885,Moore,0.01,0.02
829,0.6,0.2,0.4,0.8,False,829,0.0331,0.0,0.0,0.9923,Moore,0.01,0.02
830,0.6,0.2,0.6,0.0,True,830,0.0139,0.0,0.0,0.9984,Moore,0.01,0.02
831,0.6,0.2,0.6,0.0,False,831,0.0133,0.0,0.0,0.9979,Moore,0.01,0.02
832,0.6,0.2,0.6,0.2,True,832,0.0146,0.0,0.0,0.9959,Moore,0.01,0.02
833,0.6,0.2,0.6,0.2,False,833,0.0141,0.0,0.0,0.9964,Moore,0.01,0.02
834,0.6,0.2,0.6,0.4,True,834,0.0123,0.0,0.0,0.9906,Moore,0.01,0.02
835,0.6,0.2,0.6,0.4,False,835,0.0102,0.0,0.0,0.9954,Moore,0.01,0.02
836,0.6,0.2,0.6,0.6,True,836,0.0154,0.0,0.0,0.989,Moore,0.01,0.02
837,0.6,0.2,0.6,0.6,False,837,0.0122,0.0,0.0,0.993,Moore,0.01,0.02
838,0.6,0.2,0.6,0.8,True,838,0.0122,0.0,0.0,0.9882,Moore,0.01,0.02
839,0.6,0.2,0.6,0.8,False,839,0.0122,0.0,0.0,0.9913,Moore,0.01,0.02
840,0.6,0.2,0.8,0.0,True,840,0.0061,0.0,0.0,0.9947,Moore,0.01,0.02
841,0.6,0.2,0.8,0.0,False,841,0.0045,0.0,0.0,0.9963,Moore,0.01,0.02
842,0.6,0.2,0.8,0.2,True,842,0.0052,0.0,0.0,0.9937,Moore,0.01,0.02
843,0.6,0.2,0.8,0.2,False,843,0.0046,0.0,0.0,0.9946,Moore,0.01,0.02
844,0.6,0.2,0.8,0.4,True,844,0.0044,0.0,0.0,0.9898,Moore,0.01,0.02
845,0.6,0.2,0.8,0.4,False,845,0.0055,0.0,0.0,0.9947,Moore,0.01,0.02
846,0.6,0.2,0.8,0.6,True,846,0.0049,0.0,0.0,0.9879,Moore,0.01,0.02
847,0.6,0.2,0.8,0.6,False,847,0.0055,0.0,0.0,0.9927,Moore,0.01,0.02
848,0.6,0.2,0.8,0.8,True,848,0.0042,0.0,0.0,0.9869,Moore,0.01,0.02
849,0.6,0.2,0.8,0.8,False,849,0.0047,0.0,0.0,0.9915,Moore,0.01,0.02
850,0.6,0.4,0.0,0.0,True,850,0.642,0.358,0.0,0.642,Moore,0.01,0.02
851,0.6,0.4,0.0,0.0,False,851,0.6352,0.3648,0.0,0.6352,Moore,0.01,0.02
852,0.6,0.4,0.0,0.2,True,852,0.6204,0.3796,0.3796,0.6204,Moore,0.01,0.02
853,0.6,0.4,0.0,0.2,False,853,0.6279,0.3721,0.3721,0.6279,Moore,0.01,0.02
854,0.6,0.4,0.0,0.4,True,854,0.6176,0.3824,0.3824,0.6176,Moore,0.01,0.02
855,0.6,0.4,0.0,0.4,False,855,0.625,0.375,0.375,0.625,Moore,0.01,0.02
856,0.6,0.4,0.0,0.6,True,856,0.6168,0.3832,0.3832,0.6168,Moore,0.01,0.02
857,0.6,0.4,0.0,0.6,False,857,0.6291,0.3709,0.3709,0.6291,Moore,0.01,0.02
858,0.6,0.4,0.0,0.8,True,858,0.6175,0.3825,0.3825,0.6175,Moore,0.01,0.02
859,0.6,0.4,0.0,0.8,False,859,0.6294,0.3706,0.3706,0.6294,Moore,0.01,0.02
860,0.6,0.4,0.2,0.0,True,860,0.0818,0.0003,0.0,0.9997,Moore,0.01,0.02
861,0.6,0.4,0.2,0.0,False,861,0.0863,0.0001,0.0,0.9999,Moore,0.01,0.02
862,0.6,0.4,0.2,0.2,True,862,0.0748,0.0,0.0,1.0,Moore,0.01,0.02
863,0.6,0.4,0.2,0.2,False,863,0.0772,0.0,0.0,1.0,Moore,0.01,0.02
864,0.6,0.4,0.2,0.4,True,864,0.0755,0.0,0.0,1.0,Moore,0.01,0.02
865,0.6,0.4,0.2,0.4,False,865,0.0776,0.0,0.0,1.0,Moore,0.01,0.02
866,0.6,0.4,0.2,0.6,True,866,0.0729,0.0,0.0,1.0,Moore,0.01,0.02
867,0.6,0.4,0.2,0.6,False,867,0.0722,0.0,0.0,1.0,Moore,0.01,0.02
868,0.6,0.4,0.2,0.8,True,868,0.0733,0.0,0.0,1.0,Moore,0.01,0.02
869,0.6,0.4,0.2,0.8,False,869,0.0705,0.0,0.0,1.0,Moore,0.01,0.02
870,0.6,0.4,0.4,0.0,True,870,0.0324,0.0,0.0,1.0,Moore,0.01,0.02
871,0.6,0.4,0.4,0.0,False,871,0.0309,0.0,0.0,1.0,Moore,0.01,0.02
872,0.6,0.4,0.4,0.2,True,872,0.0316,0.0,0.0,1.0,Moore,0.01,0.02
873,0.6,0.4,0.4,0.2,False,873,0.0291,0.0,0.0,1.0,Moore,0.01,0.02
874,0.6,0.4,0.4,0.4,True,874,0.0274,0.0,0.0,1.0,Moore,0.01,0.02
875,0.6,0.4,0.4,0.4,False,875,0.0297,0.0,0.0,1.0,Moore,0.01,0.02
876,0.6,0.4,0.4,0.6,True,876,0.0311,0.0,0.0,1.0,Moore,0.01,0.02
877,0.6,0.4,0.4,0.6,False,877,0.0296,0.0,0.0,1.0,Moore,0.01,0.02
878,0.6,0.4,0.4,0.8,True,878,0.0307,0.0,0.0,1.0,Moore,0.01,0.02
879,0.6,0.4,0.4,0.8,False,879,0.0281,0.0,0.0,1.0,Moore,0.01,0.02
880,0.6,0.4,0.6,0.0,True,880,0.0144,0.0,0.0,1.0,Moore,0.01,0.02
881,0.6,0.4,0.6,0.0,False,881,0.0129,0.0,0.0,1.0,Moore,0.01,0.02
882,0.6,0.4,0.6,0.2,True,882,0.0152,0.0,0.0,1.0,Moore,0.01,0.02
883,0.6,0.4,0.6,0.2,False,883,0.0129,0.0,0.0,1.0,Moore,0.01,0.02
884,0.6,0.4,0.6,0.4,True,884,0.0136,0.0,0.0,1.0,Moore,0.01,0.02
885,0.6,0.4,0.6,0.4,False,885,0.0118,0.0,0.0,1.0,Moore,0.01,0.02
886,0.6,0.4,0.6,0.6,True,886,0.0118,0.0,0.0,1.0,Moore,0.01,0.02
887,0.6,0.4,0.6,0.6,False,887,0.0144,0.0,0.0,1.0,Moore,0.01,0.02
888,0.6,0.4,0.6,0.8,True,888,0.0134,0.0,0.0,1.0,Moore,0.01,0.02
889,0.6,0.4,0.6,0.8,False,889,0.0162,0.0,0.0,1.0,Moore,0.01,0.02
890,0.6,0.4,0.8,0.0,True,890,0.0051,0.0,0.0,1.0,Moore,0.01,0.02
891,0.6,0.4,0.8,0.0,False,891,0.0049,0.0,0.0,1.0,Moore,0.01,0.02
892,0.6,0.4,0.8,0.2,True,892,0.0052,0.0,0.0,1.0,Moore,0.01,0.02
893,0.6,0.4,0.8,0.2,False,893,0.0062,0.0,0.0,1.0,Moore,0.01,0.02
894,0.6,0.4,0.8,0.4,True,894,0.0047,0.0,0.0,1.0,Moore,0.01,0.02
895,0.6,0.4,0.8,0.4,False,895,0.0051,0.0,0.0,1.0,Moore,0.01,0.02
896,0.6,0.4,0.8,0.6,True,896,0.0048,0.0,0.0,1.0,Moore,0.01,0.02
897,0.6,0.4,0.8,0.6,False,897,0.0037,0.0,0.0,1.0,Moore,0.01,0.02
898,0.6,0.4,0.8,0.8,True,898,0.0051,0.0,0.0,1.0,Moore,0.01,0.02
899,0.6,0.4,0.8,0.8,False,899,0.0055,0.0,0.0,1.0,Moore,0.01,0.02
900,0.6,0.6,0.0,0.0,True,900,0.6337,0.3663,0.0,0.6337,Moore,0.01,0.02
901,0.6,0.6,0.0,0.0,False,901,0.6358,0.3642,0.0,0.6358,Moore,0.01,0.02
902,0.6,0.6,0.0,0.2,True,902,0.621,0.379,0.379,0.621,Moore,0.01,0.02
903,0.6,0.6,0.0,0.2,False,903,0.6244,0.3756,0.3756,0.6244,Moore,0.01,0.02
904,0.6,0.6,0.0,0.4,True,904,0.6223,0.3777,0.3777,0.6223,Moore,0.01,0.02
905,0.6,0.6,0.0,0.4,False,905,0.6184,0.3816,0.3816,0.6184,Moore,0.01,0.02
906,0.6,0.6,0.0,0.6,True,906,0.6197,0.3803,0.3803,0.6197,Moore,0.01,0.02
907,0.6,0.6,0.0,0.6,False,907,0.626,0.374,0.374,0.626,Moore,0.01,0.02
908,0.6,0.6,0.0,0.8,True,908,0.6136,0.3864,0.3864,0.6136,Moore,0.01,0.02
909,0.6,0.6,0.0,0.8,False,909,0.6271,0.3729,0.3729,0.6271,Moore,0.01,0.02
910,0.6,0.6,0.2,0.0,True,910,0.0859,0.0001,0.0,0.9999,Moore,0.01,0.02
911,0.6,0.6,0.2,0.0,False,911,0.0895,0.0003,0.0,0.9997,Moore,0.01,0.02
912,0.6,0.6,0.2,0.2,True,912,0.075,0.0,0.0,1.0,Moore,0.01,0.02
913,0.6,0.6,0.2,0.2,False,913,0.0789,0.0,0.0,1.0,Moore,0.01,0.02
914,0.6,0.6,0.2,0.4,True,914,0.0766,0.0001,0.0001,0.9999,Moore,0.01,0.02
915,0.6,0.6,0.2,0.4,False,915,0.0765,0.0,0.0,1.0,Moore,0.01,0.02
916,0.6,0.6,0.2,0.6,True,916,0.0703,0.0,0.0,1.0,Moore,0.01,0.02
917,0.6,0.6,0.2,0.6,False,917,0.078,0.0,0.0,1.0,Moore,0.01,0.02
918,0.6,0.6,0.2,0.8,True,918,0.0752,0.0,0.0,1.0,Moore,0.01,0.02
919,0.6,0.6,0.2,0.8,False,919,0.0757,0.0,0.0,1.0,Moore,0.01,0.02
920,0.6,0.6,0.4,0.0,True,920,0.0321,0.0,0.0,1.0,Moore,0.01,0.02
921,0.6,0.6,0.4,0.0,False,921,0.0326,0.0,0.0,1.0,Moore,0.01,0.02
922,0.6,0.6,0.4,0.2,True,922,0.0268,0.0,0.0,1.0,Moore,0.01,0.02
923,0.6,0.6,0.4,0.2,False,923,0.0283,0.0,0.0,1.0,Moore,0.01,0.02
924,0.6,0.6,0.4,0.4,True,924,0.0282,0.0,0.0,1.0,Moore,0.01,0.02
925,0.6,0.6,0.4,0.4,False,925,0.0317,0.0,0.0,1.0,Moore,0.01,0.02
926,0.6,0.6,0.4,0.6,True,926,0.0293,0.0,0.0,1.0,Moore,0.01,0.02
927,0.6,0.6,0.4,0.6,False,927,0.029,0.0,0.0,1.0,Moore,0.01,0.02
928,0.6,0.6,0.4,0.8,True,928,0.0275,0.0,0.0,1.0,Moore,0.01,0.02
929,0.6,0.6,0.4,0.8,False,929,0.0279,0.0,0.0,1.0,Moore,0.01,0.02
930,0.6,0.6,0.6,0.0,True,930,0.0128,0.0,0.0,1.0,Moore,0.01,0.02
931,0.6,0.6,0.6,0.0,False,931,0.0126,0.0,0.0,1.0,Moore,0.01,0.02
932,0.6,0.6,0.6,0.2,True,932,0.0117,0.0,0.0,1.0,Moore,0.01,0.02
933,0.6,0.6,0.6,0.2,False,933,0.0153,0.0,0.0,1.0,Moore,0.01,0.02
934,0.6,0.6,0.6,0.4,True,934,0.0131,0.0,0.0,1.0,Moore,0.01,0.02
935,0.6,0.6,0.6,0.4,False,935,0.0133,0.0,0.0,1.0,Moore,0.01,0.02
936,0.6,0.6,0.6,0.6,True,936,0.0131,0.0,0.0,1.0,Moore,0.01,0.02
937,0.6,0.6,0.6,0.6,False,937,0.0122,0.0,0.0,1.0,Moore,0.01,0.02
938,0.6,0.6,0.6,0.8,True,938,0.0116,0.0,0.0,1.0,Moore,0.01,0.02
939,0.6,0.6,0.6,0.8,False,939,0.0133,0.0,0.0,1.0,Moore,0.01,0.02
940,0.6,0.6,0.8,0.0,True,940,0.0058,0.0,0.0,1.0,Moore,0.01,0.02
941,0.6,0.6,0.8,0.0,False,941,0.005,0.0,0.0,1.0,Moore,0.01,0.02
942,0.6,0.6,0.8,0.2,True,942,0.0048,0.0,0.0,1.0,Moore,0.01,0.02
943,0.6,0.6,0.8,0.2,False,943,0.0047,0.0,0.0,1.0,Moore,0.01,0.02
944,0.6,0.6,0.8,0.4,True,944,0.0048,0.0,0.0,1.0,Moore,0.01,0.02
945,0.6,0.6,0.8,0.4,False,945,0.0048,0.0,0.0,1.0,Moore,0.01,0.02
946,0.6,0.6,0.8,0.6,True,946,0.0047,0.0,0.0,1.0,Moore,0.01,0.02
947,0.6,0.6,0.8,0.6,False,947,0.0048,0.0,0.0,1.0,Moore,0.01,0.02
948,0.6,0.6,0.8,0.8,True,948,0.0053,0.0,0.0,1.0,Moore,0.01,0.02
949,0.6,0.6,0.8,0.8,False,949,0.006,0.0,0.0,1.0,Moore,0.01,0.02
950,0.6,0.8,0.0,0.0,True,950,0.6331,0.3669,0.0,0.6331,Moore,0.01,0.02
951,0.6,0.8,0.0,0.0,False,951,0.6286,0.3714,0.0,0.6286,Moore,0.01,0.02
952,0.6,0.8,0.0,0.2,True,952,0.6222,0.3778,0.3778,0.6222,Moore,0.01,0.02
953,0.6,0.8,0.0,0.2,False,953,0.6257,0.3743,0.3743,0.6257,Moore,0.01,0.02
954,0.6,0.8,0.0,0.4,True,954,0.6208,0.3792,0.3792,0.6208,Moore,0.01,0.02
955,0.6,0.8,0.0,0.4,False,955,0.6255,0.3745,0.3745,0.6255,Moore,0.01,0.02
956,0.6,0.8,0.0,0.6,True,956,0.6223,0.3777,0.3777,0.6223,Moore,0.01,0.02
957,0.6,0.8,0.0,0.6,False,957,0.631,0.369,0.369,0.631,Moore,0.01,0.02
958,0.6,0.8,0.0,0.8,True,958,0.6115,0.3885,0.3885,0.6115,Moore,0.01,0.02
959,0.6,0.8,0.0,0.8,False,959,0.6186,0.3814,0.3814,0.6186,Moore,0.01,0.02
960,0.6,0.8,0.2,0.0,True,960,0.0895,0.0006,0.0,0.9994,Moore,0.01,0.02
961,0.6,0.8,0.2,0.0,False,961,0.0894,0.0002,0.0,0.9998,Moore,0.01,0.02
962,0.6,0.8,0.2,0.2,True,962,0.0734,0.0,0.0,1.0,Moore,0.01,0.02
963,0.6,0.8,0.2,0.2,False,963,0.0822,0.0,0.0,1.0,Moore,0.01,0.02
964,0.6,0.8,0.2,0.4,True,964,0.0739,0.0,0.0,1.0,Moore,0.01,0.02
965,0.6,0.8,0.2,0.4,False,965,0.0716,0.0001,0.0001,0.9999,Moore,0.01,0.02
966,0.6,0.8,0.2,0.6,True,966,0.0731,0.0001,0.0001,0.9999,Moore,0.01,0.02
967,0.6,0.8,0.2,0.6,False,967,0.0748,0.0,0.0,1.0,Moore,0.01,0.02
968,0.6,0.8,0.2,0.8,True,968,0.0743,0.0,0.0,1.0,Moore,0.01,0.02
969,0.6,0.8,0.2,0.8,False,969,0.0747,0.0,0.0,1.0,Moore,0.01,0.02
970,0.6,0.8,0.4,0.0,True,970,0.0302,0.0,0.0,1.0,Moore,0.01,0.02
971,0.6,0.8,0.4,0.0,False,971,0.0295,0.0,0.0,1.0,Moore,0.01,0.02
972,0.6,0.8,0.4,0.2,True,972,0.0302,0.0,0.0,1.0,Moore,0.01,0.02
973,0.6,0.8,0.4,0.2,False,973,0.0328,0.0,0.0,1.0,Moore,0.01,0.02
974,0.6,0.8,0.4,0.4,True,974,0.0301,0.0,0.0,1.0,Moore,0.01,0.02
975,0.6,0.8,0.4,0.4,False,975,0.0301,0.0,0.0,1.0,Moore,0.01,0.02
976,0.6,0.8,0.4,0.6,True,976,0.0296,0.0,0.0,1.0,Moore,0.01,0.02
977,0.6,0.8,0.4,0.6,False,977,0.0307,0.0,0.0,1.0,Moore,0.01,0.02
978,0.6,0.8,0.4,0.8,True,978,0.0324,0.0,0.0,1.0,Moore,0.01,0.02
979,0.6,0.8,0.4,0.8,False,979,0.029,0.0,0.0,1.0,Moore,0.01,0.02
980,0.6,0.8,0.6,0.0,True,980,0.0147,0.0,0.0,1.0,Moore,0.01,0.02
981,0.6,0.8,0.6,0.0,False,981,0.015,0.0,0.0,1.0,Moore,0.01,0.02
982,0.6,0.8,0.6,0.2,True,982,0.014,0.0,0.0,1.0,Moore,0.01,0.02
983,0.6,0.8,0.6,0.2,False,983,0.0156,0.0,0.0,1.0,Moore,0.01,0.02
984,0.6,0.8,0.6,0.4,True,984,0.0138,0.0,0.0,1.0,Moore,0.01,0.02
985,0.6,0.8,0.6,0.4,False,985,0.0136,0.0,0.0,1.0,Moore,0.01,0.02
986,0.6,0.8,0.6,0.6,True,986,0.0146,0.0,0.0,1.0,Moore,0.01,0.02
987,0.6,0.8,0.6,0.6,False,987,0.0142,0.0,0.0,1.0,Moore,0.01,0.02
988,0.6,0.8,0.6,0.8,True,988,0.0145,0.0,0.0,1.0,Moore,0.01,0.02
989,0.6,0.8,0.6,0.8,False,989,0.0128,0.0,0.0,1.0,Moore,0.01,0.02
990,0.6,0.8,0.8,0.0,True,990,0.0056,0.0,0.0,1.0,Moore,0.01,0.02
991,0.6,0.8,0.8,0.0,False,991,0.0046,0.0,0.0,1.0,Moore,0.01,0.02
992,0.6,0.8,0.8,0.2,True,992,0.0052,0.0,0.0,1.0,Moore,0.01,0.02
993,0.6,0.8,0.8,0.2,False,993,0.0055,0.0,0.0,1.0,Moore,0.01,0.02
994,0.6,0.8,0.8,0.4,True,994,0.005,0.0,0.0,1.0,Moore,0.01,0.02
995,0.6,0.8,0.8,0.4,False,995,0.0052,0.0,0.0,1.0,Moore,0.01,0.02
996,0.6,0.8,0.8,0.6,True,996,0.0042,0.0,0.0,1.0,Moore,0.01,0.02
997,0.6,0.8,0.8,0.6,False,997,0.0044,0.0,0.0,1.0,Moore,0.01,0.02
998,0.6,0.8,0.8,0.8,True,998,0.0048,0.0,0.0,1.0,Moore,0.01,0.02
999,0.6,0.8,0.8,0.8,False,999,0.0036,0.0,0.0,1.0,Moore,0.01,0.02
1000,0.8,0.0,0.0,0.0,True,1000,0.5004,0.3007,0.0,0.5004,Moore,0.01,0.02
1001,0.8,0.0,0.0,0.0,False,1001,0.5114,0.2939,0.0,0.5114,Moore,0.01,0.02
1002,0.8,0.0,0.0,0.2,True,1002,0.501,0.2979,0.2979,0.501,Moore,0.01,0.02
1003,0.8,0.0,0.0,0.2,False,1003,0.5087,0.2941,0.2941,0.5087,Moore,0.01,0.02
1004,0.8,0.0,0.0,0.4,True,1004,0.4991,0.2997,0.2997,0.4991,Moore,0.01,0.02
1005,0.8,0.0,0.0,0.4,False,1005,0.505,0.2934,0.2934,0.505,Moore,0.01,0.02
1006,0.8,0.0,0.0,0.6,True,1006,0.4997,0.3065,0.3065,0.4997,Moore,0.01,0.02
1007,0.8,0.0,0.0,0.6,False,1007,0.5013,0.2927,0.2927,0.5013,Moore,0.01,0.02
1008,0.8,0.0,0.0,0.8,True,1008,0.4955,0.3009,0.3009,0.4955,Moore,0.01,0.02
1009,0.8,0.0,0.0,0.8,False,1009,0.4985,0.3035,0.3035,0.4985,Moore,0.01,0.02
1010,0.8,0.0,0.2,0.0,True,1010,0.0646,0.0,0.0,0.7967,Moore,0.01,0.02
1011,0.8,0.0,0.2,0.0,False,1011,0.0677,0.0002,0.0,0.8069,Moore,0.01,0.02
1012,0.8,0.0,0.2,0.2,True,1012,0.0662,0.0,0.0,0.8,Moore,0.01,0.02
1013,0.8,0.0,0.2,0.2,False,1013,0.0643,0.0,0.0,0.8059,Moore,0.01,0.02
1014,0.8,0.0,0.2,0.4,True,1014,0.0585,0.0,0.0,0.7997,Moore,0.01,0.02
1015,0.8,0.0,0.2,0.4,False,1015,0.0565,0.0,0.0,0.7946,Moore,0.01,0.02
1016,0.8,0.0,0.2,0.6,True,1016,0.0598,0.0,0.0,0.8047,Moore,0.01,0.02
1017,0.8,0.0,0.2,0.6,False,1017,0.0576,0.0,0.0,0.7931,Moore,0.01,0.02
1018,0.8,0.0,0.2,0.8,True,1018,0.0604,0.0,0.0,0.801,Moore,0.01,0.02
1019,0.8,0.0,0.2,0.8,False,1019,0.0623,0.0,0.0,0.7969,Moore,0.01,0.02
1020,0.8,0.0,0.4,0.0,True,1020,0.0266,0.0,0.0,0.7971,Moore,0.01,0.02
1021,0.8,0.0,0.4,0.0,False,1021,0.023,0.0,0.0,0.8045,Moore,0.01,0.02
1022,0.8,0.0,0.4,0.2,True,1022,0.0237,0.0,0.0,0.8009,Moore,0.01,0.02
1023,0.8,0.0,0.4,0.2,False,1023,0.0241,0.0,0.0,0.8077,Moore,0.01,0.02
1024,0.8,0.0,0.4,0.4,True,1024,0.0232,0.0,0.0,0.7972,Moore,0.01,0.02
1025,0.8,0.0,0.4,0.4,False,1025,0.024,0.0,0.0,0.8018,Moore,0.01,0.02
1026,0.8,0.0,0.4,0.6,True,1026,0.0228,0.0,0.0,0.7975,Moore,0.01,0.02
1027,0.8,0.0,0.4,0.6,False,1027,0.0223,0.0,0.0,0.8052,Moore,0.01,0.02
1028,0.8,0.0,0.4,0.8,True,1028,0.023,0.0,0.0,0.8013,Moore,0.01,0.02
1029,0.8,0.0,0.4,0.8,False,1029,0.0223,0.0,0.0,0.7978,Moore,0.01,0.02
1030,0.8,0.0,0.6,0.0,True,1030,0.0116,0.0,0.0,0.7977,Moore,0.01,0.02
1031,0.8,0.0,0.6,0.0,False,1031,0.0113,0.0,0.0,0.796,Moore,0.01,0.02
1032,0.8,0.0,0.6,0.2,True,1032,0.0119,0.0,0.0,0.7994,Moore,0.01,0.02
1033,0.8,0.0,0.6,0.2,False,1033,0.012,0.0,0.0,0.8015,Moore,0.01,0.02
1034,0.8,0.0,0.6,0.4,True,1034,0.0107,0.0,0.0,0.7951,Moore,0.01,0.02
1035,0.8,0.0,0.6,0.4,False,1035,0.0117,0.0,0.0,0.803,Moore,0.01,0.02
1036,0.8,0.0,0.6,0.6,True,1036,0.0122,0.0,0.0,0.7974,Moore,0.01,0.02
1037,0.8,0.0,0.6,0.6,False,1037,0.0106,0.0,0.0,0.8042,Moore,0.01,0.02
1038,0.8,0.0,0.6,0.8,True,1038,0.0101,0.0,0.0,0.7976,Moore,0.01,0.02
1039,0.8,0.0,0.6,0.8,False,1039,0.0115,0.0,0.0,0.797,Moore,0.01,0.02
1040,0.8,0.0,0.8,0.0,True,1040,0.0035,0.0,0.0,0.7962,Moore,0.01,0.02
1041,0.8,0.0,0.8,0.0,False,1041,0.0038,0.0,0.0,0.8019,Moore,0.01,0.02
1042,0.8,0.0,0.8,0.2,True,1042,0.0045,0.0,0.0,0.8,Moore,0.01,0.02
1043,0.8,0.0,0.8,0.2,False,1043,0.0047,0.0,0.0,0.7971,Moore,0.01,0.02
1044,0.8,0.0,0.8,0.4,True,1044,0.0036,0.0,0.0,0.8039,Moore,0.01,0.02
1045,0.8,0.0,0.8,0.4,False,1045,0.0046,0.0,0.0,0.7977,Moore,0.01,0.02
1046,0.8,0.0,0.8,0.6,True,1046,0.0029,0.0,0.0,0.8014,Moore,0.01,0.02
1047,0.8,0.0,0.8,0.6,False,1047,0.0043,0.0,0.0,0.8014,Moore,0.01,0.02
1048,0.8,0.0,0.8,0.8,True,1048,0.0038,0.0,0.0,0.8025,Moore,0.01,0.02
1049,0.8,0.0,0.8,0.8,False,1049,0.004,0.0,0.0,0.798,Moore,0.01,0.02
1050,0.8,0.2,0.0,0.0,True,1050,0.6349,0.3651,0.0,0.6349,Moore,0.01,0.02
1051,0.8,0.2,0.0,0.0,False,1051,0.6314,0.3686,0.0,0.6314,Moore,0.01,0.02
1052,0.8,0.2,0.0,0.2,True,1052,0.6246,0.3754,0.3754,0.6246,Moore,0.01,0.02
1053,0.8,0.2,0.0,0.2,False,1053,0.6256,0.3744,0.3744,0.6256,Moore,0.01,0.02
1054,0.8,0.2,0.0,0.4,True,1054,0.6195,0.3804,0.3804,0.6195,Moore,0.01,0.02
1055,0.8,0.2,0.0,0.4,False,1055,0.6261,0.3739,0.3739,0.6261,Moore,0.01,0.02
1056,0.8,0.2,0.0,0.6,True,1056,0.6107,0.3888,0.3888,0.6107,Moore,0.01,0.02
1057,0.8,0.2,0.0,0.6,False,1057,0.6166,0.3832,0.3832,0.6166,Moore,0.01,0.02
1058,0.8,0.2,0.0,0.8,True,1058,0.6258,0.3737,0.3737,0.6258,Moore,0.01,0.02
1059,0.8,0.2,0.0,0.8,False,1059,0.6326,0.3671,0.3671,0.6326,Moore,0.01,0.02
1060,0.8,0.2,0.2,0.0,True,1060,0.0886,0.0005,0.0,0.9995,Moore,0.01,0.02
1061,0.8,0.2,0.2,0.0,False,1061,0.0909,0.0002,0.0,0.9998,Moore,0.01,0.02
1062,0.8,0.2,0.2,0.2,True,1062,0.0727,0.0,0.0,1.0,Moore,0.01,0.02
1063,0.8,0.2,0.2,0.2,False,1063,0.0776,0.0001,0.0001,0.9999,Moore,0.01,0.02
1064,0.8,0.2,0.2,0.4,True,1064,0.073,0.0,0.0,0.9998,Moore,0.01,0.02
1065,0.8,0.2,0.2,0.4,False,1065,0.0707,0.0,0.0,0.9998,Moore,0.01,0.02
1066,0.8,0.2,0.2,0.6,True,1066,0.074,0.0,0.0,0.9998,Moore,0.01,0.02
1067,0.8,0.2,0.2,0.6,False,1067,0.0722,0.0,0.0,0.9999,Moore,0.01,0.02
1068,0.8,0.2,0.2,0.8,True,1068,0.0752,0.0,0.0,0.9997,Moore,0.01,0.02
1069,0.8,0.2,0.2,0.8,False,1069,0.077,0.0,0.0,0.9999,Moore,0.01,0.02
1070,0.8,0.2,0.4,0.0,True,1070,0.0327,0.0,0.0,1.0,Moore,0.01,0.02
1071,0.8,0.2,0.4,0.0,False,1071,0.0343,0.0,0.0,1.0,Moore,0.01,0.02
1072,0.8,0.2,0.4,0.2,True,1072,0.0275,0.0,0.0,0.9998,Moore,0.01,0.02
1073,0.8,0.2,0.4,0.2,False,1073,0.0297,0.0,0.0,1.0,Moore,0.01,0.02
1074,0.8,0.2,0.4,0.4,True,1074,0.0286,0.0,0.0,1.0,Moore,0.01,0.02
1075,0.8,0.2,0.4,0.4,False,1075,0.0291,0.0,0.0,0.9999,Moore,0.01,0.02
1076,0.8,0.2,0.4,0.6,True,1076,0.0315,0.0,0.0,0.9996,Moore,0.01,0.02
1077,0.8,0.2,0.4,0.6,False,1077,0.0269,0.0,0.0,0.9999,Moore,0.01,0.02
1078,0.8,0.2,0.4,0.8,True,1078,0.0306,0.0,0.0,0.9994,Moore,0.01,0.02
1079,0.8,0.2,0.4,0.8,False,1079,0.0304,0.0,0.0,0.9993,Moore,0.01,0.02
1080,0.8,0.2,0.6,0.0,True,1080,0.0134,0.0,0.0,0.9999,Moore,0.01,0.02
1081,0.8,0.2,0.6,0.0,False,1081,0.0122,0.0,0.0,1.0,Moore,0.01,0.02
1082,0.8,0.2,0.6,0.2,True,1082,0.0133,0.0,0.0,1.0,Moore,0.01,0.02
1083,0.8,0.2,0.6,0.2,False,1083,0.0144,0.0,0.0,0.9998,Moore,0.01,0.02
1084,0.8,0.2,0.6,0.4,True,1084,0.0114,0.0,0.0,0.9998,Moore,0.01,0.02
1085,0.8,0.2,0.6,0.4,False,1085,0.0132,0.0,0.0,0.9998,Moore,0.01,0.02
1086,0.8,0.2,0.6,0.6,True,1086,0.0121,0.0,0.0,0.9991,Moore,0.01,0.02
1087,0.8,0.2,0.6,0.6,False,1087,0.0123,0.0,0.0,0.9999,Moore,0.01,0.02
1088,0.8,0.2,0.6,0.8,True,1088,0.0106,0.0,0.0,0.9989,Moore,0.01,0.02
1089,0.8,0.2,0.6,0.8,False,1089,0.0146,0.0,0.0,0.9992,Moore,0.01,0.02
1090,0.8,0.2,0.8,0.0,True,1090,0.0056,0.0,0.0,0.9996,Moore,0.01,0.02
1091,0.8,0.2,0.8,0.0,False,1091,0.0053,0.0,0.0,0.9999,Moore,0.01,0.02
1092,0.8,0.2,0.8,0.2,True,1092,0.0065,0.0,0.0,0.9999,Moore,0.01,0.02
1093,0.8,0.2,0.8,0.2,False,1093,0.0056,0.0,0.0,0.9997,Moore,0.01,0.02
1094,0.8,0.2,0.8,0.4,True,1094,0.0053,0.0,0.0,0.9996,Moore,0.01,0.02
1095,0.8,0.2,0.8,0.4,False,1095,0.0043,0.0,0.0,1.0,Moore,0.01,0.02
1096,0.8,0.2,0.8,0.6,True,1096,0.0045,0.0,0.0,0.9994,Moore,0.01,0.02
1097,0.8,0.2,0.8,0.6,False,1097,0.0053,0.0,0.0,0.9996,Moore,0.01,0.02
1098,0.8,0.2,0.8,0.8,True,1098,0.0055,0.0,0.0,0.9996,Moore,0.01,0.02
1099,0.8,0.2,0.8,0.8,False,1099,0.0052,0.0,0.0,0.9994,Moore,0.01,0.02
1100,0.8,0.4,0.0,0.0,True,1100,0.6305,0.3695,0.0,0.6305,Moore,0.01,0.02
1101,0.8,0.4,0.0,0.0,False,1101,0.6362,0.3638,0.0,0.6362,Moore,0.01,0.02
1102,0.8,0.4,0.0,0.2,True,1102,0.6345,0.3655,0.3655,0.6345,Moore,0.01,0.02
1103,0.8,0.4,0.0,0.2,False,1103,0.6255,0.3745,0.3745,0.6255,Moore,0.01,0.02
1104,0.8,0.4,0.0,0.4,True,1104,0.6215,0.3785,0.3785,0.6215,Moore,0.01,0.02
1105,0.8,0.4,0.0,0.4,False,1105,0.6237,0.3763,0.3763,0.6237,Moore,0.01,0.02
1106,0.8,0.4,0.0,0.6,True,1106,0.6203,0.3797,0.3797,0.6203,Moore,0.01,0.02
1107,0.8,0.4,0.0,0.6,False,1107,0.6221,0.3779,0.3779,0.6221,Moore,0.01,0.02
1108,0.8,0.4,0.0,0.8,True,1108,0.6111,0.3889,0.3889,0.6111,Moore,0.01,0.02
1109,0.8,0.4,0.0,0.8,False,1109,0.625,0.375,0.375,0.625,Moore,0.01,0.02
1110,0.8,0.4,0.2,0.0,True,1110,0.0842,0.0001,0.0,0.9999,Moore,0.01,0.02
1111,0.8,0.4,0.2,0.0,False,1111,0.0863,0.0003,0.0,0.9997,Moore,0.01,0.02
1112,0.8,0.4,0.2,0.2,True,1112,0.0744,0.0,0.0,1.0,Moore,0.01,0.02
1113,0.8,0.4,0.2,0.2,False,1113,0.0881,0.0,0.0,1.0,Moore,0.01,0.02
1114,0.8,0.4,0.2,0.4,True,1114,0.0736,0.0,0.0,1.0,Moore,0.01,0.02
1115,0.8,0.4,0.2,0.4,False,1115,0.0729,0.0,0.0,1.0,Moore,0.01,0.02
1116,0.8,0.4,0.2,0.6,True,1116,0.0733,0.0,0.0,1.0,Moore,0.01,0.02
1117,0.8,0.4,0.2,0.6,False,1117,0.0757,0.0,0.0,1.0,Moore,0.01,0.02
1118,0.8,0.4,0.2,0.8,True,1118,0.077,0.0,0.0,1.0,Moore,0.01,0.02
1119,0.8,0.4,0.2,0.8,False,1119,0.0739,0.0,0.0,1.0,Moore,0.01,0.02
1120,0.8,0.4,0.4,0.0,True,1120,0.0358,0.0,0.0,1.0,Moore,0.01,0.02
1121,0.8,0.4,0.4,0.0,False,1121,0.0329,0.0,0.0,1.0,Moore,0.01,0.02
1122,0.8,0.4,0.4,0.2,True,1122,0.0321,0.0,0.0,1.0,Moore,0.01,0.02
1123,0.8,0.4,0.4,0.2,False,1123,0.0304,0.0,0.0,1.0,Moore,0.01,0.02
1124,0.8,0.4,0.4,0.4,True,1124,0.03,0.0,0.0,1.0,Moore,0.01,0.02
1125,0.8,0.4,0.4,0.4,False,1125,0.029,0.0,0.0,1.0,Moore,0.01,0.02
1126,0.8,0.4,0.4,0.6,True,1126,0.0313,0.0,0.0,1.0,Moore,0.01,0.02
1127,0.8,0.4,0.4,0.6,False,1127,0.0301,0.0,0.0,1.0,Moore,0.01,0.02
1128,0.8,0.4,0.4,0.8,True,1128,0.0313,0.0,0.0,1.0,Moore,0.01,0.02
1129,0.8,0.4,0.4,0.8,False,1129,0.0277,0.0,0.0,1.0,Moore,0.01,0.02
1130,0.8,0.4,0.6,0.0,True,1130,0.0136,0.0,0.0,1.0,Moore,0.01,0.02
1131,0.8,0.4,0.6,0.0,False,1131,0.0142,0.0,0.0,1.0,Moore,0.01,0.02
1132,0.8,0.4,0.6,0.2,True,1132,0.0155,0.0,0.0,1.0,Moore,0.01,0.02
1133,0.8,0.4,0.6,0.2,False,1133,0.012,0.0,0.0,1.0,Moore,0.01,0.02
1134,0.8,0.4,0.6,0.4,True,1134,0.0141,0.0,0.0,1.0,Moore,0.01,0.02
1135,0.8,0.4,0.6,0.4,False,1135,0.0128,0.0,0.0,1.0,Moore,0.01,0.02
1136,0.8,0.4,0.6,0.6,True,1136,0.0117,0.0,0.0,1.0,Moore,0.01,0.02
1137,0.8,0.4,0.6,0.6,False,1137,0.0125,0.0,0.0,1.0,Moore,0.01,0.02
1138,0.8,0.4,0.6,0.8,True,1138,0.014,0.0,0.0,1.0,Moore,0.01,0.02
1139,0.8,0.4,0.6,0.8,False,1139,0.0127,0.0,0.0,1.0,Moore,0.01,0.02
1140,0.8,0.4,0.8,0.0,True,1140,0.0047,0.0,0.0,1.0,Moore,0.01,0.02
1141,0.8,0.4,0.8,0.0,False,1141,0.0057,0.0,0.0,1.0,Moore,0.01,0.02
1142,0.8,0.4,0.8,0.2,True,1142,0.0045,0.0,0.0,1.0,Moore,0.01,0.02
1143,0.8,0.4,0.8,0.2,False,1143,0.0063,0.0,0.0,1.0,Moore,0.01,0.02
1144,0.8,0.4,0.8,0.4,True,1144,0.0057,0.0,0.0,1.0,Moore,0.01,0.02
1145,0.8,0.4,0.8,0.4,False,1145,0.0036,0.0,0.0,1.0,Moore,0.01,0.02
1146,0.8,0.4,0.8,0.6,True,1146,0.005,0.0,0.0,1.0,Moore,0.01,0.02
1147,0.8,0.4,0.8,0.6,False,1147,0.0054,0.0,0.0,1.0,Moore,0.01,0.02
1148,0.8,0.4,0.8,0.8,True,1148,0.0058,0.0,0.0,1.0,Moore,0.01,0.02
1149,0.8,0.4,0.8,0.8,False,1149,0.0063,0.0,0.0,1.0,Moore,0.01,0.02
1150,0.8,0.6,0.0,0.0,True,1150,0.6342,0.3658,0.0,0.6342,Moore,0.01,0.02
1151,0.8,0.6,0.0,0.0,False,1151,0.6396,0.3604,0.0,0.6396,Moore,0.01,0.02
1152,0.8,0.6,0.0,0.2,True,1152,0.6225,0.3775,0.3775,0.6225,Moore,0.01,0.02
1153,0.8,0.6,0.0,0.2,False,1153,0.6293,0.3707,0.3706,0.6293,Moore,0.01,0.02
1154,0.8,0.6,0.0,0.4,True,1154,0.6314,0.3686,0.3686,0.6314,Moore,0.01,0.02
1155,0.8,0.6,0.0,0.4,False,1155,0.6264,0.3736,0.3736,0.6264,Moore,0.01,0.02
1156,0.8,0.6,0.0,0.6,True,1156,0.6368,0.3632,0.3632,0.6368,Moore,0.01,0.02
1157,0.8,0.6,0.0,0.6,False,1157,0.6259,0.3741,0.3741,0.6259,Moore,0.01,0.02
1158,0.8,0.6,0.0,0.8,True,1158,0.617,0.383,0.383,0.617,Moore,0.01,0.02
1159,0.8,0.6,0.0,0.8,False,1159,0.6204,0.3796,0.3796,0.6204,Moore,0.01,0.02
1160,0.8,0.6,0.2,0.0,True,1160,0.0883,0.0002,0.0,0.9998,Moore,0.01,0.02
1161,0.8,0.6,0.2,0.0,False,1161,0.0962,0.0003,0.0,0.9997,Moore,0.01,0.02
1162,0.8,0.6,0.2,0.2,True,1162,0.0751,0.0,0.0,1.0,Moore,0.01,0.02
1163,0.8,0.6,0.2,0.2,False,1163,0.0764,0.0,0.0,1.0,Moore,0.01,0.02
1164,0.8,0.6,0.2,0.4,True,1164,0.0759,0.0,0.0,1.0,Moore,0.01,0.02
1165,0.8,0.6,0.2,0.4,False,1165,0.0785,0.0,0.0,1.0,Moore,0.01,0.02
1166,0.8,0.6,0.2,0.6,True,1166,0.0734,0.0,0.0,1.0,Moore,0.01,0.02
1167,0.8,0.6,0.2,0.6,False,1167,0.0783,0.0,0.0,1.0,Moore,0.01,0.02
1168,0.8,0.6,0.2,0.8,True,1168,0.0748,0.0,0.0,1.0,Moore,0.01,0.02
1169,0.8,0.6,0.2,0.8,False,1169,0.0736,0.0,0.0,1.0,Moore,0.01,0.02
1170,0.8,0.6,0.4,0.0,True,1170,0.0295,0.0,0.0,1.0,Moore,0.01,0.02
1171,0.8,0.6,0.4,0.0,False,1171,0.0314,0.0,0.0,1.0,Moore,0.01,0.02
1172,0.8,0.6,0.4,0.2,True,1172,0.0296,0.0,0.0,1.0,Moore,0.01,0.02
1173,0.8,0.6,0.4,0.2,False,1173,0.0329,0.0,0.0,1.0,Moore,0.01,0.02
1174,0.8,0.6,0.4,0.4,True,1174,0.027,0.0,0.0,1.0,Moore,0.01,0.02
1175,0.8,0.6,0.4,0.4,False,1175,0.0317,0.0,0.0,1.0,Moore,0.01,0.02
1176,0.8,0.6,0.4,0.6,True,1176,0.0306,0.0,0.0,1.0,Moore,0.01,0.02
1177,0.8,0.6,0.4,0.6,False,1177,0.0317,0.0,0.0,1.0,Moore,0.01,0.02
1178,0.8,0.6,0.4,0.8,True,1178,0.0303,0.0,0.0,1.0,Moore,0.01,0.02
1179,0.8,0.6,0.4,0.8,False,1179,0.0282,0.0,0.0,1.0,Moore,0.01,0.02
1180,0.8,0.6,0.6,0.0,True,1180,0.0137,0.0,0.0,1.0,Moore,0.01,0.02
1181,0.8,0.6,0.6,0.0,False,1181,0.0136,0.0,0.0,1.0,Moore,0.01,0.02
1182,0.8,0.6,0.6,0.2,True,1182,0.0143,0.0,0.0,1.0,Moore,0.01,0.02
1183,0.8,0.6,0.6,0.2,False,1183,0.014,0.0,0.0,1.0,Moore,0.01,0.02
1184,0.8,0.6,0.6,0.4,True,1184,0.0135,0.0,0.0,1.0,Moore,0.01,0.02
1185,0.8,0.6,0.6,0.4,False,1185,0.0139,0.0,0.0,1.0,Moore,0.01,0.02
1186,0.8,0.6,0.6,0.6,True,1186,0.0125,0.0,0.0,1.0,Moore,0.01,0.02
1187,0.8,0.6,0.6,0.6,False,1187,0.0137,0.0,0.0,1.0,Moore,0.01,0.02
1188,0.8,0.6,0.6,0.8,True,1188,0.0129,0.0,0.0,1.0,Moore,0.01,0.02
1189,0.8,0.6,0.6,0.8,False,1189,0.0134,0.0,0.0,1.0,Moore,0.01,0.02
1190,0.8,0.6,0.8,0.0,True,1190,0.0048,0.0,0.0,1.0,Moore,0.01,0.02
1191,0.8,0.6,0.8,0.0,False,1191,0.0044,0.0,0.0,1.0,Moore,0.01,0.02
1192,0.8,0.6,0.8,0.2,True,1192,0.0052,0.0,0.0,1.0,Moore,0.01,0.02
1193,0.8,0.6,0.8,0.2,False,1193,0.0042,0.0,0.0,1.0,Moore,0.01,0.02
1194,0.8,0.6,0.8,0.4,True,1194,0.0037,0.0,0.0,1.0,Moore,0.01,0.02
1195,0.8,0.6,0.8,0.4,False,1195,0.005,0.0,0.0,1.0,Moore,0.01,0.02
1196,0.8,0.6,0.8,0.6,True,1196,0.0055,0.0,0.0,1.0,Moore,0.01,0.02
1197,0.8,0.6,0.8,0.6,False,1197,0.0044,0.0,0.0,1.0,Moore,0.01,0.02
1198,0.8,0.6,0.8,0.8,True,1198,0.0058,0.0,0.0,1.0,Moore,0.01,0.02
1199,0.8,0.6,0.8,0.8,False,1199,0.0034,0.0,0.0,1.0,Moore,0.01,0.02
1200,0.8,0.8,0.0,0.0,True,1200,0.6378,0.3622,0.0,0.6378,Moore,0.01,0.02
1201,0.8,0.8,0.0,0.0,False,1201,0.6396,0.3604,0.0,0.6396,Moore,0.01,0.02
1202,0.8,0.8,0.0,0.2,True,1202,0.6251,0.3749,0.3749,0.6251,Moore,0.01,0.02
1203,0.8,0.8,0.0,0.2,False,1203,0.6232,0.3768,0.3768,0.6232,Moore,0.01,0.02
1204,0.8,0.8,0.0,0.4,True,1204,0.6228,0.3772,0.3772,0.6228,Moore,0.01,0.02
1205,0.8,0.8,0.0,0.4,False,1205,0.6227,0.3773,0.3773,0.6227,Moore,0.01,0.02
1206,0.8,0.8,0.0,0.6,True,1206,0.6224,0.3776,0.3776,0.6224,Moore,0.01,0.02
1207,0.8,0.8,0.0,0.6,False,1207,0.6304,0.3696,0.3696,0.6304,Moore,0.01,0.02
1208,0.8,0.8,0.0,0.8,True,1208,0.6233,0.3767,0.3767,0.6233,Moore,0.01,0.02
1209,0.8,0.8,0.0,0.8,False,1209,0.6261,0.3739,0.3739,0.6261,Moore,0.01,0.02
1210,0.8,0.8,0.2,0.0,True,1210,0.0847,0.0,0.0,1.0,Moore,0.01,0.02
1211,0.8,0.8,0.2,0.0,False,1211,0.0905,0.0004,0.0,0.9996,Moore,0.01,0.02
1212,0.8,0.8,0.2,0.2,True,1212,0.0769,0.0,0.0,1.0,Moore,0.01,0.02
1213,0.8,0.8,0.2,0.2,False,1213,0.0807,0.0,0.0,1.0,Moore,0.01,0.02
1214,0.8,0.8,0.2,0.4,True,1214,0.0753,0.0001,0.0001,0.9999,Moore,0.01,0.02
1215,0.8,0.8,0.2,0.4,False,1215,0.0769,0.0,0.0,1.0,Moore,0.01,0.02
1216,0.8,0.8,0.2,0.6,True,1216,0.0702,0.0,0.0,1.0,Moore,0.01,0.02
1217,0.8,0.8,0.2,0.6,False,1217,0.0737,0.0,0.0,1.0,Moore,0.01,0.02
1218,0.8,0.8,0.2,0.8,True,1218,0.0779,0.0,0.0,1.0,Moore,0.01,0.02
1219,0.8,0.8,0.2,0.8,False,1219,0.071,0.0,0.0,1.0,Moore,0.01,0.02
1220,0.8,0.8,0.4,0.0,True,1220,0.0329,0.0,0.0,1.0,Moore,0.01,0.02
1221,0.8,0.8,0.4,0.0,False,1221,0.0306,0.0,0.0,1.0,Moore,0.01,0.02
1222,0.8,0.8,0.4,0.2,True,1222,0.0292,0.0,0.0,1.0,Moore,0.01,0.02
1223,0.8,0.8,0.4,0.2,False,1223,0.0291,0.0,0.0,1.0,Moore,0.01,0.02
1224,0.8,0.8,0.4,0.4,True,1224,0.0297,0.0,0.0,1.0,Moore,0.01,0.02
1225,0.8,0.8,0.4,0.4,False,1225,0.0298,0.0,0.0,1.0,Moore,0.01,0.02
1226,0.8,0.8,0.4,0.6,True,1226,0.0303,0.0,0.0,1.0,Moore,0.01,0.02
1227,0.8,0.8,0.4,0.6,False,1227,0.0322,0.0,0.0,1.0,Moore,0.01,0.02
1228,0.8,0.8,0.4,0.8,True,1228,0.0317,0.0,0.0,1.0,Moore,0.01,0.02
1229,0.8,0.8,0.4,0.8,False,1229,0.0285,0.0,0.0,1.0,Moore,0.01,0.02
1230,0.8,0.8,0.6,0.0,True,1230,0.0145,0.0,0.0,1.0,Moore,0.01,0.02
1231,0.8,0.8,0.6,0.0,False,1231,0.0134,0.0,0.0,1.0,Moore,0.01,0.02
1232,0.8,0.8,0.6,0.2,True,1232,0.0114,0.0,0.0,1.0,Moore,0.01,0.02
1233,0.8,0.8,0.6,0.2,False,1233,0.0157,0.0,0.0,1.0,Moore,0.01,0.02
1234,0.8,0.8,0.6,0.4,True,1234,0.0147,0.0,0.0,1.0,Moore,0.01,0.02
1235,0.8,0.8,0.6,0.4,False,1235,0.0132,0.0,0.0,1.0,Moore,0.01,0.02
1236,0.8,0.8,0.6,0.6,True,1236,0.0136,0.0,0.0,1.0,Moore,0.01,0.02
1237,0.8,0.8,0.6,0.6,False,1237,0.013,0.0,0.0,1.0,Moore,0.01,0.02
1238,0.8,0.8,0.6,0.8,True,1238,0.0129,0.0,0.0,1.0,Moore,0.01,0.02
1239,0.8,0.8,0.6,0.8,False,1239,0.0134,0.0,0.0,1.0,Moore,0.01,0.02
1240,0.8,0.8,0.8,0.0,True,1240,0.0049,0.0,0.0,1.0,Moore,0.01,0.02
1241,0.8,0.8,0.8,0.0,False,1241,0.0048,0.0,0.0,1.0,Moore,0.01,0.02
1242,0.8,0.8,0.8,0.2,True,1242,0.0034,0.0,0.0,1.0,Moore,0.01,0.02
1243,0.8,0.8,0.8,0.2,False,1243,0.0063,0.0,0.0,1.0,Moore,0.01,0.02
1244,0.8,0.8,0.8,0.4,True,1244,0.0038,0.0,0.0,1.0,Moore,0.01,0.02
1245,0.8,0.8,0.8,0.4,False,1245,0.0051,0.0,0.0,1.0,Moore,0.01,0.02
1246,0.8,0.8,0.8,0.6,True,1246,0.0038,0.0,0.0,1.0,Moore,0.01,0.02
1247,0.8,0.8,0.8,0.6,False,1247,0.0052,0.0,0.0,1.0,Moore,0.01,0.02
1248,0.8,0.8,0.8,0.8,True,1248,0.004,0.0,0.0,1.0,Moore,0.01,0.02
1249,0.8,0.8,0.8,0.8,False,1249,0.0046,0.0,0.0,1.0,Moore,0.01,0.02
